QUERY_ID,RANK,DOC_NAME,SCORE
1,0,arq.unne.edu.ar.txt,1.8311972172635493
1,1,eluniversitario.unne.edu.ar.txt,1.4020667636210566
1,2,www.utdt.edu.txt,1.290629192026128
1,3,www.herrera.unt.edu.ar.txt,1.281570756855153
1,4,www.ucc.edu.ar.txt,1.2607919201492863
1,5,www.uccor.edu.ar.txt,1.193097847230732
1,6,www.fapyd.unr.edu.ar.txt,1.1029451798553191
1,7,www.palermo.edu.ar.txt,0.9278635535411368
1,8,www2.mdp.edu.ar.txt,0.845267545884735
1,9,www.mdp.edu.ar.txt,0.7320058091107104
1,10,www.unsj-cuim.edu.ar.txt,0.547184206807958
1,11,guarani.unne.edu.ar.txt,0.44950126616640285
1,12,www.frlp.utn.edu.ar.txt,0.39468078305648474
1,13,www.preinscripciones.unne.edu.ar.txt,0.36500906871391336
1,14,hosting.unlp.edu.ar.txt,0.22834005619059594
1,15,www.museo.unlu.edu.ar.txt,0.19158793078205738
1,16,alumnos-web.mdp.edu.ar.txt,0.09881140330017724
1,17,entornovirtual.unl.edu.ar.txt,-0.01655321212102434
1,18,bibliotecadigital.uda.edu.ar.txt,-0.5538451327173357
1,19,bib.unne.edu.ar.txt,-0.5730430316536113
1,20,postgrado.info.unlp.edu.ar.txt,-0.5931952597730576
1,21,webmail.unc.edu.ar.txt,-0.6723951585528765
1,22,w3.unt.edu.ar.txt,-0.8190827516486174
1,23,www.campusdigital.unlu.edu.ar.txt,-0.8847314818937
1,24,www.ing.unrc.edu.ar.txt,-1.0281046346914917
1,25,www.bancodigitalconveniosinternacionales.unr.edu.ar.txt,-1.075551693067422
1,26,www.academica.faa.unicen.edu.ar.txt,-1.237719077753336
1,27,dgisrv15.unt.edu.ar.txt,-1.4117173787896904
1,28,www.ct.unt.edu.ar.txt,-1.4712684424818097
1,29,www.quimica.unlp.edu.ar.txt,-1.4741376685906382
1,30,uaionline.uai.edu.ar.txt,-1.5478799142413793
1,31,blog.unnoba.edu.ar.txt,-1.6802569695115486
1,32,www.ffha.unsj.edu.ar.txt,-1.7951272198600767
1,33,bdigital.uncu.edu.ar.txt,-1.8525347872612994
1,34,www.estadistica.unlu.edu.ar.txt,-1.8840865306565548
1,35,www.artes.unne.edu.ar.txt,-1.8943425041304436
1,36,www.ausal.unlu.edu.ar.txt,-1.9218951109472422
1,37,www.humanasvirtual.edu.ar.txt,-1.9240580507792102
1,38,www.uesiglo21.edu.ar.txt,-1.9381751012078163
1,39,www.vinctec.uner.edu.ar.txt,-1.9392418373707359
1,40,kinesio.med.unne.edu.ar.txt,-1.9447213224939173
1,41,www.ub.edu.ar.txt,-1.9449847592594578
1,42,www.uch.edu.ar.txt,-1.946689013538248
1,43,www.favaloro.edu.ar.txt,-1.9474616638885631
1,44,formacioncontinua.unlam.edu.ar.txt,-1.9487061674932464
1,45,www.posgrado.unsl.edu.ar.txt,-1.9504904025657428
1,46,www.frp.utn.edu.ar.txt,-1.9534444954115093
1,47,www.biologia.unlu.edu.ar.txt,-1.9542684292993455
1,48,www.fiqus.unl.edu.ar.txt,-1.9663774170127788
1,49,www.21.edu.ar.txt,-1.9732289702654828
1,50,www.untrefvirtual.edu.ar.txt,-1.973599548978569
1,51,derecho.unlam.edu.ar.txt,-1.9744756391369438
1,52,www.unnoba.edu.ar.txt,-1.9746574903316052
1,53,fce.unse.edu.ar.txt,-1.9753610840473335
1,54,posgrado.fceia.unr.edu.ar.txt,-1.9760791785745244
1,55,eco.unne.edu.ar.txt,-1.9775367520405136
1,56,estudiarenargentina.siu.edu.ar.txt,-1.9878780461726506
1,57,www.fcm.unr.edu.ar.txt,-1.9881497631581935
1,58,www.economicas.unlz.edu.ar.txt,-1.9882460391448529
1,59,preinscripcion.uncoma.edu.ar.txt,-1.9896267142826765
1,60,faceweb.uncoma.edu.ar.txt,-1.9900357664489383
1,61,www.fm.unt.edu.ar.txt,-1.9904859285505891
1,62,ofertasgrado.siu.edu.ar.txt,-2.0000700764878703
1,63,www.udemm.edu.ar.txt,-2.0007303627561015
1,64,www.universidad-policial.edu.ar.txt,-2.0036731031014163
1,65,www.eicam.unsj.edu.ar.txt,-2.0080154087589612
1,66,www.3ia.unsam.edu.ar.txt,-2.0098921606610753
1,67,facaweb.uncoma.edu.ar.txt,-2.0110744176859434
1,68,www.magisterio.edu.ar.txt,-2.0146093070926643
1,69,ufq.unq.edu.ar.txt,-2.0182812859566774
1,70,dep02.txt,-2.0211951101677172
1,71,www.fqbf.unsl.edu.ar.txt,-2.024780223933756
1,72,www.fbioyf.unr.edu.ar.txt,-2.02639008107284
1,73,www.psico.unlp.edu.ar.txt,-2.028056626373226
1,74,www.exa.unrc.edu.ar.txt,-2.028381371580693
1,75,ausmaweb.uncoma.edu.ar.txt,-2.030363607295312
1,76,dch.unne.edu.ar.txt,-2.0315761469129328
1,77,campus.ucu.edu.ar.txt,-2.031902786578867
1,78,webfmn.unsl.edu.ar.txt,-2.037738969518113
1,79,www.uner.edu.ar.txt,-2.0421906222516895
1,80,www.salud.unicen.edu.ar.txt,-2.0433928357997564
1,81,www.uspt.edu.ar.txt,-2.0458239625073724
1,82,www.quequen.unicen.edu.ar.txt,-2.0476760410395585
1,83,www.secretariaacademica.unr.edu.ar.txt,-2.0492682882197535
1,84,www.coneau.edu.ar.txt,-2.0499275384030757
1,85,www.fiq.unl.edu.ar.txt,-2.0504259962227174
1,86,www.efu.unsj.edu.ar.txt,-2.0532097453405944
1,87,www.info.unlp.edu.ar.txt,-2.0567819058512433
1,88,www.fcjs.unl.edu.ar.txt,-2.0625337152387413
1,89,fhcss3w.unse.edu.ar.txt,-2.0658388406211987
1,90,www.fcagr.unr.edu.ar.txt,-2.065956971651071
1,91,fahuweb.uncoma.edu.ar.txt,-2.0671647553845873
1,92,www.unlu.edu.ar.txt,-2.0688967001935668
1,93,deptomat.unsl.edu.ar.txt,-2.069823456074513
1,94,www.fhumyar.unr.edu.ar.txt,-2.0719900872876775
1,95,www.derechoshumanos.unlp.edu.ar.txt,-2.072235950902491
1,96,www.fcm.unl.edu.ar.txt,-2.0739527219726215
1,97,economicas.unlam.edu.ar.txt,-2.074516219555476
1,98,www.folp.unlp.edu.ar.txt,-2.0764159924786583
1,99,farmacia.unsl.edu.ar.txt,-2.077537312950213
1,100,cvd.edu.ar.txt,-2.0780702504453856
1,101,www.itba.edu.ar.txt,-2.085365074503585
1,102,www.editorial.unam.edu.ar.txt,-2.0893684419859695
1,103,crubweb.uncoma.edu.ar.txt,-2.0903198433877015
1,104,www.educor.unlu.edu.ar.txt,-2.0903867732814083
1,105,academiacisco.unnoba.edu.ar.txt,-2.091429548179102
1,106,www.unsam.edu.ar.txt,-2.0957047910824724
1,107,criminalisticas.unne.edu.ar.txt,-2.0957295917308114
1,108,teyet-revista.info.unlp.edu.ar.txt,-2.0959910289995047
1,109,auzaweb.uncoma.edu.ar.txt,-2.09879504558071
1,110,www.fpsico.unr.edu.ar.txt,-2.1034259133326345
1,111,www.ingreso.unlp.edu.ar.txt,-2.1051783378244373
1,112,ffyl.uncu.edu.ar.txt,-2.107597551693526
1,113,investigadores.uncoma.edu.ar.txt,-2.1079296211086667
1,114,exa.unne.edu.ar.txt,-2.1084191686988403
1,115,www.untref.edu.ar.txt,-2.1085982828822614
1,116,www.ing.unlpam.edu.ar.txt,-2.1136016923710006
1,117,fadeweb.uncoma.edu.ar.txt,-2.1148833244004552
1,118,www.certificaciones.unlu.edu.ar.txt,-2.115224607581914
1,119,ifas.exa.unicen.edu.ar.txt,-2.115516055097002
1,120,agrobiotecnologia.unsam.edu.ar.txt,-2.1211907583035248
1,121,www.unlpam.edu.ar.txt,-2.1245162232818067
1,122,www.campusvirtualunr.edu.ar.txt,-2.1263815325086277
1,123,www.ingresantes.uner.edu.ar.txt,-2.126451026935673
1,124,faa.unse.edu.ar.txt,-2.127432891817223
1,125,www.graduados.uade.edu.ar.txt,-2.1309163844949475
1,126,www.unq.edu.ar.txt,-2.133061864477785
1,127,www.med.unlp.edu.ar.txt,-2.139314397781826
1,128,economicas2.unlam.edu.ar.txt,-2.1412135433254926
1,129,www.caece.edu.ar.txt,-2.1480009848813966
1,130,www.unrc.edu.ar.txt,-2.1484238725760596
1,131,humanidades.unlam.edu.ar.txt,-2.1500051428867435
1,132,www.eidfs.unsj.edu.ar.txt,-2.1528166050652056
1,133,www.exa.unicen.edu.ar.txt,-2.1599846633395616
1,134,geologia.unsl.edu.ar.txt,-2.164078083337201
1,135,www.iua.edu.ar.txt,-2.1644063799380797
1,136,www.puntoedu.edu.ar.txt,-2.164694352868816
1,137,www.jursoc.unlp.edu.ar.txt,-2.1696243471110264
1,138,humanidades.unsam.edu.ar.txt,-2.170893769968864
1,139,cegae.unne.edu.ar.txt,-2.1713080951643984
1,140,www.biol.unlp.edu.ar.txt,-2.1812522770372804
1,141,www.atlas.unsj.edu.ar.txt,-2.181288288346729
1,142,www.tecnicatura.unt.edu.ar.txt,-2.1848937385851954
1,143,dgti.uncoma.edu.ar.txt,-2.1860423871184773
1,144,www.sociales.unlu.edu.ar.txt,-2.1891910539510695
1,145,www.vet.unicen.edu.ar.txt,-2.1954243519514844
1,146,www.gtec-ce.edu.ar.txt,-2.2061561595718717
1,147,www.eco.unrc.edu.ar.txt,-2.2072340889686903
1,148,becas.unsl.edu.ar.txt,-2.2074944693149328
1,149,rapes.unsl.edu.ar.txt,-2.207959762444509
1,150,www.eco.unlpam.edu.ar.txt,-2.209259046074014
1,151,www.spepsantafe.edu.ar.txt,-2.211787039745475
1,152,aulavirtual.eco.unc.edu.ar.txt,-2.2162137653275416
1,153,campus.administracion.ort.edu.ar.txt,-2.226068292260597
1,154,dcm.unr.edu.ar.txt,-2.226281319763194
1,155,www.uno.edu.ar.txt,-2.2288066742837795
1,156,aulavirtual.cea.unc.edu.ar.txt,-2.2296009013907683
1,157,www.prolab.unlp.edu.ar.txt,-2.229947664539093
1,158,ingenieria.unlam.edu.ar.txt,-2.230053355080714
1,159,www.filo.unt.edu.ar.txt,-2.2329266507818017
1,160,www.cdc.unrc.edu.ar.txt,-2.2338114545085626
1,161,www.seyd.unrc.edu.ar.txt,-2.2340992928486134
1,162,www.odontologia.unt.edu.ar.txt,-2.236100303059197
1,163,www.residencias.unt.edu.ar.txt,-2.238615872705076
1,164,www.analitica.unlu.edu.ar.txt,-2.243150751495668
1,165,www.fbqf.unt.edu.ar.txt,-2.2457318436373717
1,166,www.integra.unlu.edu.ar.txt,-2.2477040406533866
1,167,webmail.mdp.edu.ar.txt,-2.2492259142890845
1,168,trabajando.ucongreso.edu.ar.txt,-2.2512237231474796
1,169,www.neu.unsl.edu.ar.txt,-2.2592509914606325
1,170,www.fcpolit.unr.edu.ar.txt,-2.2651477629720507
1,171,www.iuna.edu.ar.txt,-2.267747172229779
1,172,auapsi.psyche.unc.edu.ar.txt,-2.2718008292639644
1,173,www.derecho.unlz.edu.ar.txt,-2.279843142909826
1,174,www.ucine.edu.ar.txt,-2.2826839003396104
1,175,campus.belgrano.ort.edu.ar.txt,-2.2875016864911
1,176,campus.almagro.ort.edu.ar.txt,-2.294063249493398
1,177,www.ecyt.unsam.edu.ar.txt,-2.2978770645232154
1,178,www.utn.edu.ar.txt,-2.303276427873639
1,179,webmail.unla.edu.ar.txt,-2.307374301803238
1,180,www.cea.unc.edu.ar.txt,-2.3116489369491813
1,181,wichi.rect.mdp.edu.ar.txt,-2.315730161869549
1,182,eco.mdp.edu.ar.txt,-2.3214273186167773
1,183,www2.unam.edu.ar.txt,-2.326767916044733
1,184,www.fm.fcm.unr.edu.ar.txt,-2.3308369045681245
1,185,sistemas.unlpam.edu.ar.txt,-2.3324771011632204
1,186,enfermeria.fhu.unse.edu.ar.txt,-2.3388589421255377
1,187,dgp.unsam.edu.ar.txt,-2.3410631792458525
1,188,www0.unsl.edu.ar.txt,-2.3478125099076115
1,189,virtual.unne.edu.ar.txt,-2.3485541080666597
1,190,www.unlz.edu.ar.txt,-2.3572216561224306
1,191,www.polocentroeste.edu.ar.txt,-2.362389873905886
1,192,www.qgeneral.unlu.edu.ar.txt,-2.3676656734555213
1,193,www.uns.edu.ar.txt,-2.3691581140916598
1,194,www.ucel.edu.ar.txt,-2.3721806966840626
1,195,int02.txt,-2.3723389896859155
1,196,www.politicaygobierno.unsam.edu.ar.txt,-2.373782935355469
1,197,organizaciones.unrc.edu.ar.txt,-2.3798769392688137
1,198,congresos.unlp.edu.ar.txt,-2.3876426309301015
1,199,www.rueda.edu.ar.txt,-2.388147876157473
1,200,odn.unne.edu.ar.txt,-2.407942847177318
1,201,pagos.unc.edu.ar.txt,-2.4170591226872276
1,202,www.uaisoft.uai.edu.ar.txt,-2.422985490977626
1,203,www.udesa.edu.ar.txt,-2.4292437471835
1,204,kolla.unnoba.edu.ar.txt,-2.445529057478277
1,205,www.idia.unsj.edu.ar.txt,-2.4456890808309057
1,206,webmail.uncu.edu.ar.txt,-2.456127577910543
1,207,www.observatur.edu.ar.txt,-2.457854242686394
1,208,www.fca.proed.unc.edu.ar.txt,-2.4618400942205936
1,209,saebu.unsl.edu.ar.txt,-2.4799642755291833
1,210,www.siat.unrc.edu.ar.txt,-2.4836725865595515
1,211,museocontacto.unsl.edu.ar.txt,-2.498617399360521
1,212,www.so.unlu.edu.ar.txt,-2.507103161751534
1,213,eeyn.unsam.edu.ar.txt,-2.5119110575788848
1,214,biblioteca.bib.unrc.edu.ar.txt,-2.5156467589672507
1,215,www.e-universitas.edu.ar.txt,-2.5175532497609296
1,216,www.fveter.unr.edu.ar.txt,-2.521001946221186
1,217,incentivos.siu.edu.ar.txt,-2.526086933840144
1,218,siu.facso.unsj.edu.ar.txt,-2.5261683404936424
1,219,siu.farqui.unsj.edu.ar.txt,-2.5261683404936424
1,220,siu.fi.unsj.edu.ar.txt,-2.5261683404936424
1,221,www.tecc.arte.unicen.edu.ar.txt,-2.5262364783801785
1,222,www.ecointcrc.unlu.edu.ar.txt,-2.530016224559807
1,223,www.ceviar.unlu.edu.ar.txt,-2.533629508372107
1,224,intra.exa.unrc.edu.ar.txt,-2.533875848777187
1,225,jardinmaternal.unsl.edu.ar.txt,-2.533875848777187
1,226,agr.unne.edu.ar.txt,-2.533875848777187
1,227,guarani.exa.unne.edu.ar.txt,-2.537747266957853
1,228,guarani.odn.unne.edu.ar.txt,-2.537747266957853
1,229,guarani.unlar.edu.ar.txt,-2.537747266957853
1,230,g3w.unnoba.edu.ar.txt,-2.537747266957853
1,231,guarani.dch.unne.edu.ar.txt,-2.537747266957853
1,232,bdu.siu.edu.ar.txt,-2.5416305332432474
1,233,www.unla.edu.ar.txt,-2.543301535938743
1,234,www.uvt.unsj.edu.ar.txt,-2.544550791032591
1,235,apunsl.unsl.edu.ar.txt,-2.544550791032591
1,236,www.matepreuni.unlu.edu.ar.txt,-2.545525702106713
1,237,auth.ucel.edu.ar.txt,-2.545525702106713
1,238,wap.unsam.edu.ar.txt,-2.54747776711952
1,239,www.uai.unlu.edu.ar.txt,-2.548454922778831
1,240,correo.fices.unsl.edu.ar.txt,-2.5494328283560326
1,241,becas.unq.edu.ar.txt,-2.5504114847147417
1,242,dep01.txt,-2.5526425232139087
1,243,www.juliocultural.unt.edu.ar.txt,-2.5710820213377583
1,244,www.delaescuela.unl.edu.ar.txt,-2.60808921892391
1,245,blog.ucc.edu.ar.txt,-2.6094550198054582
1,246,www.dante.edu.ar.txt,-2.6115064053896466
1,247,webmail.unr.edu.ar.txt,-2.6149325581768212
1,248,www.ddjjcargos.uner.edu.ar.txt,-2.615160506721048
1,249,www.agro.unlpam.edu.ar.txt,-2.623853495892519
1,250,www.faa.unicen.edu.ar.txt,-2.6399097028317917
1,251,www.proyectoazul.unlu.edu.ar.txt,-2.6461773101445707
1,252,www.editorial.unlp.edu.ar.txt,-2.6495907683569313
1,253,www.becas.unr.edu.ar.txt,-2.650017531476919
1,254,www.cavila.unlp.edu.ar.txt,-2.6503997815058082
1,255,www.pema.unlu.edu.ar.txt,-2.65167659856741
1,256,www.laronda.unl.edu.ar.txt,-2.6531923223763454
1,257,secyt.fba.unlp.edu.ar.txt,-2.6532222567675756
1,258,becas.mdp.edu.ar.txt,-2.653928815121474
1,259,www.epctv.edu.ar.txt,-2.6553430613782263
1,260,alumnos.ucu.edu.ar.txt,-2.6574672591537762
1,261,alumnosweb.mdp.edu.ar.txt,-2.663860293098746
1,262,uncavim50.unc.edu.ar.txt,-2.6652247330088263
1,263,www.prediounl-ate.edu.ar.txt,-2.6850233904008003
1,264,www.ort.edu.ar.txt,-2.6853636876443847
1,265,www.eas.unt.edu.ar.txt,-2.691229119230129
1,266,www.tecno.unlu.edu.ar.txt,-2.6973562087833933
1,267,www.autogestionpsico.unt.edu.ar.txt,-2.702445310903113
1,268,campusmoodle.proed.unc.edu.ar.txt,-2.7028428365015245
1,269,www.intec.unl.edu.ar.txt,-2.7067883560308617
1,270,www.peunmdp.mdp.edu.ar.txt,-2.7077999204213805
1,271,www.secgral.unse.edu.ar.txt,-2.7077999204213805
1,272,www.mendoza.edu.ar.txt,-2.710683548888825
1,273,correo.unq.edu.ar.txt,-2.7111147569791973
1,274,fce.unne.edu.ar.txt,-2.712775220591472
1,275,osuner.uner.edu.ar.txt,-2.715547184458364
1,276,www.ead.unsj.edu.ar.txt,-2.7165276504479556
1,277,www.dga.unlu.edu.ar.txt,-2.71999412890773
1,278,www.nacio.unlp.edu.ar.txt,-2.7203530655866506
1,279,www.portalnoticias.unt.edu.ar.txt,-2.7220056756208697
1,280,webmail.unne.edu.ar.txt,-2.7225009888749345
1,281,aulavirtual.ffyh.unc.edu.ar.txt,-2.7328606068708026
1,282,www.redbien.edu.ar.txt,-2.7329803675583486
1,283,simap.rect.mdp.edu.ar.txt,-2.7416804920426814
1,284,medicina.uncoma.edu.ar.txt,-2.7434491144890023
1,285,iciecymiienem.sites.exa.unicen.edu.ar.txt,-2.744217833176422
1,286,servicios.rectorado.unl.edu.ar.txt,-2.7452628636319396
1,287,www.primaria.unl.edu.ar.txt,-2.74920988677395
1,288,biblio1.mdp.edu.ar.txt,-2.7493525807279604
1,289,aulavirtual.derecho.proed.unc.edu.ar.txt,-2.752541905909599
1,290,gestion.rect.mdp.edu.ar.txt,-2.756338365165673
1,291,www.catec.unlu.edu.ar.txt,-2.7584846118639716
1,292,webunlp.unlp.edu.ar.txt,-2.7609200239357135
1,293,www.hospital.uncu.edu.ar.txt,-2.7616056704837457
1,294,rectorado.unl.edu.ar.txt,-2.7641678635527684
1,295,www.saneamiento.unlu.edu.ar.txt,-2.7649132131315475
1,296,bibliotecas.unr.edu.ar.txt,-2.7688948200883017
1,297,www.mi.uade.edu.ar.txt,-2.770094931691352
1,298,extensiondigital.fpsico.unr.edu.ar.txt,-2.770846826265253
1,299,aulavirtual.odontologia.unc.edu.ar.txt,-2.77197546019645
1,300,florida.unsl.edu.ar.txt,-2.7737015165452665
1,301,www.qui10017.unlu.edu.ar.txt,-2.7746766489870995
1,302,dep04.txt,-2.7789832460907227
1,303,sinfpatagonia.unrn.edu.ar.txt,-2.7790430674227267
1,304,www.becas.unlp.edu.ar.txt,-2.7820350544807897
1,305,nucompa.exa.unicen.edu.ar.txt,-2.787522902705616
1,306,www.fcv.unl.edu.ar.txt,-2.7893184587708526
1,307,int04.txt,-2.7899041028727365
1,308,sgr.unsam.edu.ar.txt,-2.7917115072218657
1,309,www.cultura.unlu.edu.ar.txt,-2.795300601744596
1,310,users.exa.unicen.edu.ar.txt,-2.7955876688437074
1,311,programas.unsl.edu.ar.txt,-2.7972454585144177
1,312,www.cidepa.unlu.edu.ar.txt,-2.8024779209180775
1,313,www.universidadhoy.unsj.edu.ar.txt,-2.8031464197013043
1,314,sistemas.uncu.edu.ar.txt,-2.805182512289944
1,315,salud.unlam.edu.ar.txt,-2.805930943902065
1,316,materias.unq.edu.ar.txt,-2.8084070690659226
1,317,dep06.txt,-2.8128426633409243
1,318,www.cartapacio.edu.ar.txt,-2.8132185706740085
1,319,citsistemas2.uncu.edu.ar.txt,-2.813428336991329
1,320,www.representacion.unt.edu.ar.txt,-2.814129089452442
1,321,www.estudiosculturales.unr.edu.ar.txt,-2.817709541699644
1,322,www.ci-mercosur.unsj.edu.ar.txt,-2.8182169989648416
1,323,www.atunlu.unlu.edu.ar.txt,-2.818307169711624
1,324,hum.unne.edu.ar.txt,-2.8195307895826085
1,325,www.diu.unr.edu.ar.txt,-2.821229061498461
1,326,www.cehp.unsam.edu.ar.txt,-2.8230327082981486
1,327,lae.unsl.edu.ar.txt,-2.8247732693405396
1,328,www.electro.fisica.unlp.edu.ar.txt,-2.825498530117298
1,329,www.iflp.fisica.unlp.edu.ar.txt,-2.825498530117298
1,330,www.deportes.unlu.edu.ar.txt,-2.8262696079421357
1,331,dep03.txt,-2.8265834559050633
1,332,www.practicaspreprofesionales.unlp.edu.ar.txt,-2.8267284038404057
1,333,sal03.txt,-2.8285192235649643
1,334,campus2.unsl.edu.ar.txt,-2.8288680928026193
1,335,inter2.unsl.edu.ar.txt,-2.830628141491629
1,336,redbiblio.unne.edu.ar.txt,-2.833501712749757
1,337,www1.unne.edu.ar.txt,-2.8335686203115746
1,338,webmail.unrc.edu.ar.txt,-2.8343089286192376
1,339,sal02.txt,-2.834468790828536
1,340,www.qui10192.unlu.edu.ar.txt,-2.83503778167046
1,341,www.becas.unicen.edu.ar.txt,-2.837228859299313
1,342,www.gab.unlu.edu.ar.txt,-2.8383437134699965
1,343,www.roble.unlp.edu.ar.txt,-2.8397531051257254
1,344,distancia.fcq.unc.edu.ar.txt,-2.840278289584648
1,345,www.histelea.unlu.edu.ar.txt,-2.840369055395327
1,346,dep07.txt,-2.840742735270605
1,347,sal07.txt,-2.8413034394753316
1,348,blogs.ufasta.edu.ar.txt,-2.841490390067469
1,349,www.compras.unlu.edu.ar.txt,-2.8453940816379273
1,350,biblio.unlp.edu.ar.txt,-2.847030837978537
1,351,www.gumersindo.unlp.edu.ar.txt,-2.84859871426968
1,352,paimec.unsl.edu.ar.txt,-2.8501396900430933
1,353,arg02.txt,-2.8506932514656596
1,354,www.idn.jursoc.unlp.edu.ar.txt,-2.854835375381638
1,355,planinst.unsl.edu.ar.txt,-2.8569701827745835
1,356,www.bibliotecacentral.unsam.edu.ar.txt,-2.858360024260457
1,357,internacional.unlam.edu.ar.txt,-2.8592644050222753
1,358,www.soporte.unsam.edu.ar.txt,-2.860878967147778
1,359,alumnos-agr.mdp.edu.ar.txt,-2.861303688861812
1,360,csu.rec.utn.edu.ar.txt,-2.861640851349412
1,361,docencia-universitaria.uai.edu.ar.txt,-2.8618753788970137
1,362,tec01.txt,-2.863695028630068
1,363,aulavirtual.psyche.unc.edu.ar.txt,-2.8644342728179755
1,364,ead.campus.favaloro.edu.ar.txt,-2.8662865262426096
1,365,shya.unsl.edu.ar.txt,-2.8668149217675154
1,366,sg.rec.utn.edu.ar.txt,-2.8681810610255707
1,367,www.priet.unlu.edu.ar.txt,-2.8687836203051407
1,368,infoinst.unsl.edu.ar.txt,-2.868831610605301
1,369,biblioteca.unsl.edu.ar.txt,-2.8697129587595436
1,370,arg04.txt,-2.870592345707231
1,371,dvtt.unq.edu.ar.txt,-2.870623979692541
1,372,sicyt.scyt.rec.utn.edu.ar.txt,-2.8714051629689226
1,373,tec02.txt,-2.8717740501907554
1,374,empresas.unlam.edu.ar.txt,-2.8725045903319106
1,375,ubyd.ungs.edu.ar.txt,-2.8742668289616518
1,376,www.radiouniversidad.unse.edu.ar.txt,-2.874402530063227
1,377,www.ayv.unrc.edu.ar.txt,-2.8753016585423623
1,378,www.temambiental.unlu.edu.ar.txt,-2.875374789133622
1,379,www.iflysib.unlp.edu.ar.txt,-2.875728807518915
1,380,www.argenfood.unlu.edu.ar.txt,-2.875925727706205
1,381,bicentenario.unc.edu.ar.txt,-2.876122671947473
1,382,www.secyt.unc.edu.ar.txt,-2.876416734198824
1,383,www.revistaestudios.unc.edu.ar.txt,-2.8769079083790454
1,384,sal05.txt,-2.877341118763574
1,385,docensci.sites.exa.unicen.edu.ar.txt,-2.8776798428732966
1,386,www.icj.jursoc.unlp.edu.ar.txt,-2.877703465104514
1,387,fisica.mdp.edu.ar.txt,-2.877823320375937
1,388,www.cesc.unsam.edu.ar.txt,-2.8779433500995104
1,389,int05.txt,-2.878095373265952
1,390,bibliocentral.uncoma.edu.ar.txt,-2.8783127721730604
1,391,licitaciones.unsl.edu.ar.txt,-2.8795299197412456
1,392,www.ced.unsam.edu.ar.txt,-2.880469536000218
1,393,www.cel.unsam.edu.ar.txt,-2.881102526054935
1,394,auvr.uncoma.edu.ar.txt,-2.8827026179243416
1,395,int01.txt,-2.8830028330341104
1,396,correspondencia.uncoma.edu.ar.txt,-2.8834988271552073
1,397,www.proyectosextension.unr.edu.ar.txt,-2.883860648884402
1,398,fundacion.unsl.edu.ar.txt,-2.8839877254687365
1,399,www.ciedal.unsam.edu.ar.txt,-2.884147870107663
1,400,empleos.kennedy.edu.ar.txt,-2.8849645675488396
1,401,agora.unnoba.edu.ar.txt,-2.885164228093937
1,402,biblioteca.unnoba.edu.ar.txt,-2.885636209512414
1,403,essa.uncoma.edu.ar.txt,-2.886174960491634
1,404,www.analisis1.unlu.edu.ar.txt,-2.8867819164409627
1,405,pasantias.ufasta.edu.ar.txt,-2.8870389001857597
1,406,sal06.txt,-2.8870800990242658
1,407,www.ing.unlp.edu.ar.txt,-2.88757361837325
1,408,www.arte.unicen.edu.ar.txt,-2.8888193977518943
1,409,ibone.unne.edu.ar.txt,-2.8888889755418696
1,410,sal04.txt,-2.888996446717749
1,411,dngusisco.siu.edu.ar.txt,-2.8892772631263655
1,412,int03.txt,-2.8898816373438616
1,413,empleos.uda.edu.ar.txt,-2.8907785660079477
1,414,ifimat.exa.unicen.edu.ar.txt,-2.8910699583572548
1,415,arg03.txt,-2.891599540849368
1,416,www.hort.unlu.edu.ar.txt,-2.892400089988329
1,417,asyt.fcm.unr.edu.ar.txt,-2.8930298247607382
1,418,sisinfo.unrc.edu.ar.txt,-2.8937430000875564
1,419,www.tyr.unlu.edu.ar.txt,-2.8945695521277246
1,420,www.riu.edu.ar.txt,-2.8953014299525006
1,421,www.unp.edu.ar.txt,-2.8954978618020917
1,422,niecyt.exa.unicen.edu.ar.txt,-2.895826023584095
1,423,dep05.txt,-2.8962579254762577
1,424,sal01.txt,-2.896755023876125
1,425,www.bba.unlp.edu.ar.txt,-2.896812016962649
1,426,www.esupcom.unr.edu.ar.txt,-2.89737410318095
1,427,info.unsl.edu.ar.txt,-2.898000721481751
1,428,uvt.unse.edu.ar.txt,-2.8986218627310256
1,429,dospu.unsl.edu.ar.txt,-2.9000239794076106
1,430,blogs.ffyh.unc.edu.ar.txt,-2.900788302024956
1,431,www.insumos-labcentral.unlu.edu.ar.txt,-2.9008718520524397
1,432,faciasweb.uncoma.edu.ar.txt,-2.902907841316118
1,433,publicacionesfh.mdp.edu.ar.txt,-2.903091892095878
1,434,borromeo.kennedy.edu.ar.txt,-2.9037302218403163
1,435,empleos.unc.edu.ar.txt,-2.9037684624137006
1,436,www.unidesarrollo.unlu.edu.ar.txt,-2.90469121399452
1,437,ucesarte.uces.edu.ar.txt,-2.904833273105405
1,438,www.ideas.unsam.edu.ar.txt,-2.9051178653903773
1,439,www.seguridadinformatica.unlu.edu.ar.txt,-2.905664654965112
1,440,editorial.blog.unq.edu.ar.txt,-2.9061694518096486
1,441,www.ccu.unsj.edu.ar.txt,-2.9062075385816373
1,442,tec03.txt,-2.906985199557732
1,443,seminariorueda2010.unicen.edu.ar.txt,-2.9071277095226957
1,444,www.entomologiaforense.unq.edu.ar.txt,-2.9073669442705294
1,445,ofertec.rec.utn.edu.ar.txt,-2.9081761363005154
1,446,arg01.txt,-2.9081865978778647
1,447,mrtg.unt.edu.ar.txt,-2.9098778867696264
1,448,www.reparacion.unlu.edu.ar.txt,-2.9111866234994803
1,449,isistan.exa.unicen.edu.ar.txt,-2.9115548668546087
1,450,www.extension.unsl.edu.ar.txt,-2.9115621043907143
1,451,www.une.unt.edu.ar.txt,-2.91180493295521
1,452,www.dasmi.unlu.edu.ar.txt,-2.913423190011047
1,453,revistacyt.unne.edu.ar.txt,-2.913519479200906
1,454,extension.unicen.edu.ar.txt,-2.9139395326277646
1,455,aluweb.rect.mdp.edu.ar.txt,-2.914112998380052
1,456,www.unreditora.unr.edu.ar.txt,-2.914634536663077
1,457,www.osunq.unq.edu.ar.txt,-2.9147383907666558
1,458,e-basura.linti.unlp.edu.ar.txt,-2.915016712169783
1,459,empleos.unlpam.edu.ar.txt,-2.91523660289529
1,460,www.rexuni.edu.ar.txt,-2.916399650233564
1,461,biblio.unicen.edu.ar.txt,-2.916639264764515
1,462,digesto.unsl.edu.ar.txt,-2.916681202306714
1,463,www.ciged.unsam.edu.ar.txt,-2.917117594690558
1,464,www.pefts.unlu.edu.ar.txt,-2.9188739275537245
1,465,cooperacion.unne.edu.ar.txt,-2.919853067459206
1,466,biblioteca.unp.edu.ar.txt,-2.920429503558393
1,467,piduner.uner.edu.ar.txt,-2.921882342259167
2,0,www.priet.unlu.edu.ar.txt,2.4422991975177326
2,1,piduner.uner.edu.ar.txt,2.053844702327867
2,2,www.insumos-labcentral.unlu.edu.ar.txt,1.737562719352101
2,3,www.hort.unlu.edu.ar.txt,1.1232344388057953
2,4,ausmaweb.uncoma.edu.ar.txt,0.41218016022148474
2,5,www.entomologiaforense.unq.edu.ar.txt,0.2504580177486022
2,6,www.quimica.unlp.edu.ar.txt,-1.2081778012827808
2,7,www.academica.faa.unicen.edu.ar.txt,-1.237719077753336
2,8,www2.mdp.edu.ar.txt,-1.609141923240655
2,9,www.vinctec.uner.edu.ar.txt,-1.9392418373707359
2,10,www.universidad-policial.edu.ar.txt,-2.0036731031014163
2,11,www.magisterio.edu.ar.txt,-2.0146093070926643
2,12,ufq.unq.edu.ar.txt,-2.0182812859566774
2,13,www.efu.unsj.edu.ar.txt,-2.0532097453405944
2,14,eco.mdp.edu.ar.txt,-2.062936537147194
2,15,www.editorial.unam.edu.ar.txt,-2.0893684419859695
2,16,investigadores.uncoma.edu.ar.txt,-2.1079296211086667
2,17,www.graduados.uade.edu.ar.txt,-2.1309163844949475
2,18,www.eidfs.unsj.edu.ar.txt,-2.1528166050652056
2,19,cegae.unne.edu.ar.txt,-2.1713080951643984
2,20,www.atlas.unsj.edu.ar.txt,-2.181288288346729
2,21,www.spepsantafe.edu.ar.txt,-2.211787039745475
2,22,aulavirtual.eco.unc.edu.ar.txt,-2.2162137653275416
2,23,aulavirtual.cea.unc.edu.ar.txt,-2.2296009013907683
2,24,www.seyd.unrc.edu.ar.txt,-2.2340992928486134
2,25,www.residencias.unt.edu.ar.txt,-2.238615872705076
2,26,www.analitica.unlu.edu.ar.txt,-2.243150751495668
2,27,www.integra.unlu.edu.ar.txt,-2.2477040406533866
2,28,webmail.mdp.edu.ar.txt,-2.2492259142890845
2,29,www.neu.unsl.edu.ar.txt,-2.2592509914606325
2,30,webmail.unla.edu.ar.txt,-2.307374301803238
2,31,wichi.rect.mdp.edu.ar.txt,-2.315730161869549
2,32,www2.unam.edu.ar.txt,-2.326767916044733
2,33,uaionline.uai.edu.ar.txt,-2.3282051578240837
2,34,virtual.unne.edu.ar.txt,-2.3485541080666597
2,35,www.rueda.edu.ar.txt,-2.388147876157473
2,36,pagos.unc.edu.ar.txt,-2.4170591226872276
2,37,www.uaisoft.uai.edu.ar.txt,-2.422985490977626
2,38,kolla.unnoba.edu.ar.txt,-2.445529057478277
2,39,webmail.uncu.edu.ar.txt,-2.456127577910543
2,40,www.fca.proed.unc.edu.ar.txt,-2.4618400942205936
2,41,saebu.unsl.edu.ar.txt,-2.4799642755291833
2,42,www.siat.unrc.edu.ar.txt,-2.4836725865595515
2,43,museocontacto.unsl.edu.ar.txt,-2.498617399360521
2,44,www.so.unlu.edu.ar.txt,-2.507103161751534
2,45,biblioteca.bib.unrc.edu.ar.txt,-2.5156467589672507
2,46,www.e-universitas.edu.ar.txt,-2.5175532497609296
2,47,www.fveter.unr.edu.ar.txt,-2.521001946221186
2,48,incentivos.siu.edu.ar.txt,-2.526086933840144
2,49,siu.facso.unsj.edu.ar.txt,-2.5261683404936424
2,50,siu.farqui.unsj.edu.ar.txt,-2.5261683404936424
2,51,siu.fi.unsj.edu.ar.txt,-2.5261683404936424
2,52,www.ecointcrc.unlu.edu.ar.txt,-2.530016224559807
2,53,agr.unne.edu.ar.txt,-2.533875848777187
2,54,intra.exa.unrc.edu.ar.txt,-2.533875848777187
2,55,jardinmaternal.unsl.edu.ar.txt,-2.533875848777187
2,56,guarani.exa.unne.edu.ar.txt,-2.537747266957853
2,57,guarani.odn.unne.edu.ar.txt,-2.537747266957853
2,58,guarani.unlar.edu.ar.txt,-2.537747266957853
2,59,g3w.unnoba.edu.ar.txt,-2.537747266957853
2,60,guarani.dch.unne.edu.ar.txt,-2.537747266957853
2,61,bdu.siu.edu.ar.txt,-2.5416305332432474
2,62,apunsl.unsl.edu.ar.txt,-2.544550791032591
2,63,www.uvt.unsj.edu.ar.txt,-2.544550791032591
2,64,www.matepreuni.unlu.edu.ar.txt,-2.545525702106713
2,65,auth.ucel.edu.ar.txt,-2.545525702106713
2,66,wap.unsam.edu.ar.txt,-2.54747776711952
2,67,www.uai.unlu.edu.ar.txt,-2.548454922778831
2,68,correo.fices.unsl.edu.ar.txt,-2.5494328283560326
2,69,becas.unq.edu.ar.txt,-2.5504114847147417
2,70,dep01.txt,-2.5526425232139087
2,71,www.juliocultural.unt.edu.ar.txt,-2.5710820213377583
2,72,www.delaescuela.unl.edu.ar.txt,-2.60808921892391
2,73,blog.ucc.edu.ar.txt,-2.6094550198054582
2,74,www.dante.edu.ar.txt,-2.6115064053896466
2,75,webmail.unr.edu.ar.txt,-2.6149325581768212
2,76,www.ddjjcargos.uner.edu.ar.txt,-2.615160506721048
2,77,www.agro.unlpam.edu.ar.txt,-2.623853495892519
2,78,www.estadistica.unlu.edu.ar.txt,-2.6308093532657493
2,79,www.faa.unicen.edu.ar.txt,-2.6399097028317917
2,80,www.proyectoazul.unlu.edu.ar.txt,-2.6461773101445707
2,81,www.becas.unr.edu.ar.txt,-2.650017531476919
2,82,www.cavila.unlp.edu.ar.txt,-2.6503997815058082
2,83,www.laronda.unl.edu.ar.txt,-2.6531923223763454
2,84,secyt.fba.unlp.edu.ar.txt,-2.6532222567675756
2,85,becas.mdp.edu.ar.txt,-2.653928815121474
2,86,www.epctv.edu.ar.txt,-2.6553430613782263
2,87,alumnos.ucu.edu.ar.txt,-2.6574672591537762
2,88,alumnosweb.mdp.edu.ar.txt,-2.663860293098746
2,89,uncavim50.unc.edu.ar.txt,-2.6652247330088263
2,90,www.artes.unne.edu.ar.txt,-2.666711525434065
2,91,www.frp.utn.edu.ar.txt,-2.6761695277550674
2,92,www.prediounl-ate.edu.ar.txt,-2.6850233904008003
2,93,www.ort.edu.ar.txt,-2.6853636876443847
2,94,www.eas.unt.edu.ar.txt,-2.691229119230129
2,95,www.museo.unlu.edu.ar.txt,-2.695167789671468
2,96,www.tecno.unlu.edu.ar.txt,-2.6973562087833933
2,97,www.fm.fcm.unr.edu.ar.txt,-2.7003409787715493
2,98,www.autogestionpsico.unt.edu.ar.txt,-2.702445310903113
2,99,campusmoodle.proed.unc.edu.ar.txt,-2.7028428365015245
2,100,www.intec.unl.edu.ar.txt,-2.7067883560308617
2,101,www.peunmdp.mdp.edu.ar.txt,-2.7077999204213805
2,102,www.secgral.unse.edu.ar.txt,-2.7077999204213805
2,103,www.mendoza.edu.ar.txt,-2.710683548888825
2,104,correo.unq.edu.ar.txt,-2.7111147569791973
2,105,fce.unne.edu.ar.txt,-2.712775220591472
2,106,osuner.uner.edu.ar.txt,-2.715547184458364
2,107,www.ead.unsj.edu.ar.txt,-2.7165276504479556
2,108,www.dga.unlu.edu.ar.txt,-2.71999412890773
2,109,www.nacio.unlp.edu.ar.txt,-2.7203530655866506
2,110,www.portalnoticias.unt.edu.ar.txt,-2.7220056756208697
2,111,webmail.unne.edu.ar.txt,-2.7225009888749345
2,112,aulavirtual.ffyh.unc.edu.ar.txt,-2.7328606068708026
2,113,www.redbien.edu.ar.txt,-2.7329803675583486
2,114,kinesio.med.unne.edu.ar.txt,-2.7382266905334287
2,115,www.unq.edu.ar.txt,-2.740881335891302
2,116,simap.rect.mdp.edu.ar.txt,-2.7416804920426814
2,117,medicina.uncoma.edu.ar.txt,-2.7434491144890023
2,118,iciecymiienem.sites.exa.unicen.edu.ar.txt,-2.744217833176422
2,119,servicios.rectorado.unl.edu.ar.txt,-2.7452628636319396
2,120,www.primaria.unl.edu.ar.txt,-2.74920988677395
2,121,biblio1.mdp.edu.ar.txt,-2.7493525807279604
2,122,economicas.unlam.edu.ar.txt,-2.7523894945938268
2,123,aulavirtual.derecho.proed.unc.edu.ar.txt,-2.752541905909599
2,124,gestion.rect.mdp.edu.ar.txt,-2.756338365165673
2,125,www.catec.unlu.edu.ar.txt,-2.7584846118639716
2,126,webunlp.unlp.edu.ar.txt,-2.7609200239357135
2,127,www.hospital.uncu.edu.ar.txt,-2.7616056704837457
2,128,rectorado.unl.edu.ar.txt,-2.7641678635527684
2,129,www.saneamiento.unlu.edu.ar.txt,-2.7649132131315475
2,130,bibliotecas.unr.edu.ar.txt,-2.7688948200883017
2,131,www.itba.edu.ar.txt,-2.7694712612496226
2,132,www.mi.uade.edu.ar.txt,-2.770094931691352
2,133,aulavirtual.odontologia.unc.edu.ar.txt,-2.77197546019645
2,134,florida.unsl.edu.ar.txt,-2.7737015165452665
2,135,www.qui10017.unlu.edu.ar.txt,-2.7746766489870995
2,136,humanidades.unlam.edu.ar.txt,-2.775732388492804
2,137,www.filo.unt.edu.ar.txt,-2.7769998879782665
2,138,dep04.txt,-2.7789832460907227
2,139,sinfpatagonia.unrn.edu.ar.txt,-2.7790430674227267
2,140,ofertasgrado.siu.edu.ar.txt,-2.779215741605042
2,141,www.uspt.edu.ar.txt,-2.7799070261015895
2,142,www.becas.unlp.edu.ar.txt,-2.7820350544807897
2,143,www.prolab.unlp.edu.ar.txt,-2.7821638660635557
2,144,fhcss3w.unse.edu.ar.txt,-2.782691482905871
2,145,nucompa.exa.unicen.edu.ar.txt,-2.787522902705616
2,146,www.fcv.unl.edu.ar.txt,-2.7893184587708526
2,147,int04.txt,-2.7899041028727365
2,148,sgr.unsam.edu.ar.txt,-2.7917115072218657
2,149,www.cultura.unlu.edu.ar.txt,-2.795300601744596
2,150,users.exa.unicen.edu.ar.txt,-2.7955876688437074
2,151,programas.unsl.edu.ar.txt,-2.7972454585144177
2,152,www.ub.edu.ar.txt,-2.7982954053855877
2,153,www.iua.edu.ar.txt,-2.800059920993537
2,154,formacioncontinua.unlam.edu.ar.txt,-2.800769404140177
2,155,www.cidepa.unlu.edu.ar.txt,-2.8024779209180775
2,156,www.universidadhoy.unsj.edu.ar.txt,-2.8031464197013043
2,157,sistemas.uncu.edu.ar.txt,-2.805182512289944
2,158,salud.unlam.edu.ar.txt,-2.805930943902065
2,159,materias.unq.edu.ar.txt,-2.8084070690659226
2,160,www.humanasvirtual.edu.ar.txt,-2.8110364047309773
2,161,dep06.txt,-2.8128426633409243
2,162,www.cartapacio.edu.ar.txt,-2.8132185706740085
2,163,citsistemas2.uncu.edu.ar.txt,-2.813428336991329
2,164,www.representacion.unt.edu.ar.txt,-2.814129089452442
2,165,farmacia.unsl.edu.ar.txt,-2.8172361742209073
2,166,www.estudiosculturales.unr.edu.ar.txt,-2.817709541699644
2,167,www.ci-mercosur.unsj.edu.ar.txt,-2.8182169989648416
2,168,www.atunlu.unlu.edu.ar.txt,-2.818307169711624
2,169,hum.unne.edu.ar.txt,-2.8195307895826085
2,170,odn.unne.edu.ar.txt,-2.820512476683566
2,171,www.diu.unr.edu.ar.txt,-2.821229061498461
2,172,www.unsj-cuim.edu.ar.txt,-2.8224976746391337
2,173,www.cehp.unsam.edu.ar.txt,-2.8230327082981486
2,174,www.fcm.unr.edu.ar.txt,-2.8241574367968165
2,175,lae.unsl.edu.ar.txt,-2.8247732693405396
2,176,www.electro.fisica.unlp.edu.ar.txt,-2.825498530117298
2,177,www.iflp.fisica.unlp.edu.ar.txt,-2.825498530117298
2,178,www.deportes.unlu.edu.ar.txt,-2.8262696079421357
2,179,dep03.txt,-2.8265834559050633
2,180,www.practicaspreprofesionales.unlp.edu.ar.txt,-2.8267284038404057
2,181,sal03.txt,-2.8285192235649643
2,182,campus2.unsl.edu.ar.txt,-2.8288680928026193
2,183,www.certificaciones.unlu.edu.ar.txt,-2.8293989823198804
2,184,inter2.unsl.edu.ar.txt,-2.830628141491629
2,185,redbiblio.unne.edu.ar.txt,-2.833501712749757
2,186,www1.unne.edu.ar.txt,-2.8335686203115746
2,187,webmail.unrc.edu.ar.txt,-2.8343089286192376
2,188,sal02.txt,-2.834468790828536
2,189,www.economicas.unlz.edu.ar.txt,-2.8348582653787933
2,190,www.qui10192.unlu.edu.ar.txt,-2.83503778167046
2,191,www.untrefvirtual.edu.ar.txt,-2.8354212239189382
2,192,www.unsam.edu.ar.txt,-2.8365926619920674
2,193,webmail.unc.edu.ar.txt,-2.836740972118595
2,194,www.becas.unicen.edu.ar.txt,-2.837228859299313
2,195,www.gab.unlu.edu.ar.txt,-2.8383437134699965
2,196,www.roble.unlp.edu.ar.txt,-2.8397531051257254
2,197,distancia.fcq.unc.edu.ar.txt,-2.840278289584648
2,198,www.histelea.unlu.edu.ar.txt,-2.840369055395327
2,199,dep07.txt,-2.840742735270605
2,200,sal07.txt,-2.8413034394753316
2,201,blogs.ufasta.edu.ar.txt,-2.841490390067469
2,202,www.posgrado.unsl.edu.ar.txt,-2.8422965655790433
2,203,agrobiotecnologia.unsam.edu.ar.txt,-2.844371500590509
2,204,posgrado.fceia.unr.edu.ar.txt,-2.8451164524327184
2,205,www.ausal.unlu.edu.ar.txt,-2.8451385806288623
2,206,www.compras.unlu.edu.ar.txt,-2.8453940816379273
2,207,biblio.unlp.edu.ar.txt,-2.847030837978537
2,208,www.gumersindo.unlp.edu.ar.txt,-2.84859871426968
2,209,paimec.unsl.edu.ar.txt,-2.8501396900430933
2,210,arg02.txt,-2.8506932514656596
2,211,derecho.unlam.edu.ar.txt,-2.8510687676155917
2,212,www.odontologia.unt.edu.ar.txt,-2.8517510583505565
2,213,www.cea.unc.edu.ar.txt,-2.8519309069208885
2,214,geologia.unsl.edu.ar.txt,-2.852117838323612
2,215,www.derecho.unlz.edu.ar.txt,-2.853894460698565
2,216,www.idn.jursoc.unlp.edu.ar.txt,-2.854835375381638
2,217,www.palermo.edu.ar.txt,-2.8560240105862915
2,218,planinst.unsl.edu.ar.txt,-2.8569701827745835
2,219,www.bibliotecacentral.unsam.edu.ar.txt,-2.858360024260457
2,220,fahuweb.uncoma.edu.ar.txt,-2.859064389161736
2,221,internacional.unlam.edu.ar.txt,-2.8592644050222753
2,222,alumnos-web.mdp.edu.ar.txt,-2.8604024654533764
2,223,www.cdc.unrc.edu.ar.txt,-2.8605645205404566
2,224,www.fqbf.unsl.edu.ar.txt,-2.8607142335588556
2,225,www.soporte.unsam.edu.ar.txt,-2.860878967147778
2,226,alumnos-agr.mdp.edu.ar.txt,-2.861303688861812
2,227,csu.rec.utn.edu.ar.txt,-2.861640851349412
2,228,docencia-universitaria.uai.edu.ar.txt,-2.8618753788970137
2,229,tec01.txt,-2.863695028630068
2,230,www.fbioyf.unr.edu.ar.txt,-2.8641398355042083
2,231,aulavirtual.psyche.unc.edu.ar.txt,-2.8644342728179755
2,232,www.fiqus.unl.edu.ar.txt,-2.8651723320480995
2,233,dep02.txt,-2.865522078693166
2,234,ead.campus.favaloro.edu.ar.txt,-2.8662865262426096
2,235,www.uns.edu.ar.txt,-2.8665342318276816
2,236,faa.unse.edu.ar.txt,-2.8666549945833717
2,237,shya.unsl.edu.ar.txt,-2.8668149217675154
2,238,www.eco.unlpam.edu.ar.txt,-2.8672970465086607
2,239,sg.rec.utn.edu.ar.txt,-2.8681810610255707
2,240,infoinst.unsl.edu.ar.txt,-2.868831610605301
2,241,www.gtec-ce.edu.ar.txt,-2.868915120648192
2,242,www.fcm.unl.edu.ar.txt,-2.869583759776524
2,243,biblioteca.unsl.edu.ar.txt,-2.8697129587595436
2,244,arg04.txt,-2.870592345707231
2,245,dvtt.unq.edu.ar.txt,-2.870623979692541
2,246,www.ucine.edu.ar.txt,-2.871335226998865
2,247,sicyt.scyt.rec.utn.edu.ar.txt,-2.8714051629689226
2,248,tec02.txt,-2.8717740501907554
2,249,empresas.unlam.edu.ar.txt,-2.8725045903319106
2,250,eluniversitario.unne.edu.ar.txt,-2.873182549874532
2,251,www.fbqf.unt.edu.ar.txt,-2.8740007912595646
2,252,www.fcjs.unl.edu.ar.txt,-2.8741960927179346
2,253,ubyd.ungs.edu.ar.txt,-2.8742668289616518
2,254,www.radiouniversidad.unse.edu.ar.txt,-2.874402530063227
2,255,www.udemm.edu.ar.txt,-2.8751881597681557
2,256,www.uch.edu.ar.txt,-2.8753007562958373
2,257,www.ayv.unrc.edu.ar.txt,-2.8753016585423623
2,258,www.temambiental.unlu.edu.ar.txt,-2.875374789133622
2,259,www.iflysib.unlp.edu.ar.txt,-2.875728807518915
2,260,www.argenfood.unlu.edu.ar.txt,-2.875925727706205
2,261,sistemas.unlpam.edu.ar.txt,-2.8760564680901117
2,262,bicentenario.unc.edu.ar.txt,-2.876122671947473
2,263,www.secyt.unc.edu.ar.txt,-2.876416734198824
2,264,www.biol.unlp.edu.ar.txt,-2.876598676027824
2,265,www.revistaestudios.unc.edu.ar.txt,-2.8769079083790454
2,266,www.sociales.unlu.edu.ar.txt,-2.8772308089374805
2,267,criminalisticas.unne.edu.ar.txt,-2.8772644324492735
2,268,sal05.txt,-2.877341118763574
2,269,docensci.sites.exa.unicen.edu.ar.txt,-2.8776798428732966
2,270,www.icj.jursoc.unlp.edu.ar.txt,-2.877703465104514
2,271,fisica.mdp.edu.ar.txt,-2.877823320375937
2,272,www.cesc.unsam.edu.ar.txt,-2.8779433500995104
2,273,int05.txt,-2.878095373265952
2,274,www.caece.edu.ar.txt,-2.878122205099206
2,275,webfmn.unsl.edu.ar.txt,-2.8782676494063573
2,276,bibliocentral.uncoma.edu.ar.txt,-2.8783127721730604
2,277,www.coneau.edu.ar.txt,-2.878737986698678
2,278,licitaciones.unsl.edu.ar.txt,-2.8795299197412456
2,279,www.ced.unsam.edu.ar.txt,-2.880469536000218
2,280,www.cel.unsam.edu.ar.txt,-2.881102526054935
2,281,trabajando.ucongreso.edu.ar.txt,-2.8817670811241
2,282,ifas.exa.unicen.edu.ar.txt,-2.882418512842364
2,283,auvr.uncoma.edu.ar.txt,-2.8827026179243416
2,284,int01.txt,-2.8830028330341104
2,285,rapes.unsl.edu.ar.txt,-2.8833926752431323
2,286,correspondencia.uncoma.edu.ar.txt,-2.8834988271552073
2,287,www.proyectosextension.unr.edu.ar.txt,-2.883860648884402
2,288,fundacion.unsl.edu.ar.txt,-2.8839877254687365
2,289,www.ciedal.unsam.edu.ar.txt,-2.884147870107663
2,290,empleos.kennedy.edu.ar.txt,-2.8849645675488396
2,291,agora.unnoba.edu.ar.txt,-2.885164228093937
2,292,www.iuna.edu.ar.txt,-2.8853871787764236
2,293,www.puntoedu.edu.ar.txt,-2.8855638701497957
2,294,biblioteca.unnoba.edu.ar.txt,-2.885636209512414
2,295,www.fapyd.unr.edu.ar.txt,-2.8857636692104416
2,296,www.biologia.unlu.edu.ar.txt,-2.8859113774867295
2,297,essa.uncoma.edu.ar.txt,-2.886174960491634
2,298,ingenieria.unlam.edu.ar.txt,-2.8862090226819235
2,299,www.analisis1.unlu.edu.ar.txt,-2.8867819164409627
2,300,pasantias.ufasta.edu.ar.txt,-2.8870389001857597
2,301,sal06.txt,-2.8870800990242658
2,302,www.ing.unlp.edu.ar.txt,-2.88757361837325
2,303,www.jursoc.unlp.edu.ar.txt,-2.8876149784236818
2,304,www.exa.unicen.edu.ar.txt,-2.888318299515147
2,305,fce.unse.edu.ar.txt,-2.8887006272359397
2,306,deptomat.unsl.edu.ar.txt,-2.8887465179300245
2,307,www.arte.unicen.edu.ar.txt,-2.8888193977518943
2,308,ibone.unne.edu.ar.txt,-2.8888889755418696
2,309,sal04.txt,-2.888996446717749
2,310,dngusisco.siu.edu.ar.txt,-2.8892772631263655
2,311,estudiarenargentina.siu.edu.ar.txt,-2.889622981061552
2,312,humanidades.unsam.edu.ar.txt,-2.889730144952864
2,313,int03.txt,-2.8898816373438616
2,314,empleos.uda.edu.ar.txt,-2.8907785660079477
2,315,www.unnoba.edu.ar.txt,-2.8908845780728623
2,316,ifimat.exa.unicen.edu.ar.txt,-2.8910699583572548
2,317,facaweb.uncoma.edu.ar.txt,-2.891414778406645
2,318,arg03.txt,-2.891599540849368
2,319,www.udesa.edu.ar.txt,-2.8920956372827638
2,320,teyet-revista.info.unlp.edu.ar.txt,-2.8923274247746407
2,321,www.observatur.edu.ar.txt,-2.8923714739374335
2,322,www.eco.unrc.edu.ar.txt,-2.892566626402166
2,323,asyt.fcm.unr.edu.ar.txt,-2.8930298247607382
2,324,postgrado.info.unlp.edu.ar.txt,-2.8935385075088162
2,325,www.ingreso.unlp.edu.ar.txt,-2.8936982834668195
2,326,sisinfo.unrc.edu.ar.txt,-2.8937430000875564
2,327,www.tyr.unlu.edu.ar.txt,-2.8945695521277246
2,328,www.politicaygobierno.unsam.edu.ar.txt,-2.8946507474985914
2,329,economicas2.unlam.edu.ar.txt,-2.8950110106929334
2,330,organizaciones.unrc.edu.ar.txt,-2.8952569455804475
2,331,www.riu.edu.ar.txt,-2.8953014299525006
2,332,www.unp.edu.ar.txt,-2.8954978618020917
2,333,www.vet.unicen.edu.ar.txt,-2.895698553133076
2,334,niecyt.exa.unicen.edu.ar.txt,-2.895826023584095
2,335,www.fiq.unl.edu.ar.txt,-2.896191693051095
2,336,dep05.txt,-2.8962579254762577
2,337,dgisrv15.unt.edu.ar.txt,-2.8964311664046627
2,338,www.uno.edu.ar.txt,-2.8965821022488547
2,339,www.campusvirtualunr.edu.ar.txt,-2.896609825685753
2,340,becas.unsl.edu.ar.txt,-2.896739622801096
2,341,sal01.txt,-2.896755023876125
2,342,www.bba.unlp.edu.ar.txt,-2.896812016962649
2,343,crubweb.uncoma.edu.ar.txt,-2.896845280203705
2,344,www.esupcom.unr.edu.ar.txt,-2.89737410318095
2,345,www.uesiglo21.edu.ar.txt,-2.89777129049292
2,346,www.salud.unicen.edu.ar.txt,-2.897783457739552
2,347,faceweb.uncoma.edu.ar.txt,-2.897825006191378
2,348,info.unsl.edu.ar.txt,-2.898000721481751
2,349,uvt.unse.edu.ar.txt,-2.8986218627310256
2,350,fadeweb.uncoma.edu.ar.txt,-2.8989855460514296
2,351,www.fcagr.unr.edu.ar.txt,-2.89901745075717
2,352,bibliotecadigital.uda.edu.ar.txt,-2.8995038465011347
2,353,academiacisco.unnoba.edu.ar.txt,-2.8996761501580206
2,354,dospu.unsl.edu.ar.txt,-2.9000239794076106
2,355,blogs.ffyh.unc.edu.ar.txt,-2.900788302024956
2,356,auzaweb.uncoma.edu.ar.txt,-2.9011049639730855
2,357,www.exa.unrc.edu.ar.txt,-2.901742521968623
2,358,www.uccor.edu.ar.txt,-2.9018618621949446
2,359,dgp.unsam.edu.ar.txt,-2.9027447136059035
2,360,faciasweb.uncoma.edu.ar.txt,-2.902907841316118
2,361,publicacionesfh.mdp.edu.ar.txt,-2.903091892095878
2,362,borromeo.kennedy.edu.ar.txt,-2.9037302218403163
2,363,empleos.unc.edu.ar.txt,-2.9037684624137006
2,364,www.unidesarrollo.unlu.edu.ar.txt,-2.90469121399452
2,365,ucesarte.uces.edu.ar.txt,-2.904833273105405
2,366,www.utn.edu.ar.txt,-2.9048965098646766
2,367,www.tecnicatura.unt.edu.ar.txt,-2.904952065925062
2,368,int02.txt,-2.905061575451853
2,369,www.ideas.unsam.edu.ar.txt,-2.9051178653903773
2,370,www.qgeneral.unlu.edu.ar.txt,-2.9051314884366013
2,371,www.mdp.edu.ar.txt,-2.905310304647214
2,372,campus.administracion.ort.edu.ar.txt,-2.9053126535777163
2,373,www.21.edu.ar.txt,-2.9053536527403114
2,374,www.seguridadinformatica.unlu.edu.ar.txt,-2.905664654965112
2,375,www.fpsico.unr.edu.ar.txt,-2.9059795302152867
2,376,www.secretariaacademica.unr.edu.ar.txt,-2.9060966766399825
2,377,editorial.blog.unq.edu.ar.txt,-2.9061694518096486
2,378,www.ccu.unsj.edu.ar.txt,-2.9062075385816373
2,379,www.polocentroeste.edu.ar.txt,-2.9062269918358687
2,380,www.ingresantes.uner.edu.ar.txt,-2.906656742019112
2,381,preinscripcion.uncoma.edu.ar.txt,-2.9066831476875823
2,382,www.ing.unrc.edu.ar.txt,-2.9069481549615643
2,383,tec03.txt,-2.906985199557732
2,384,seminariorueda2010.unicen.edu.ar.txt,-2.9071277095226957
2,385,blog.unnoba.edu.ar.txt,-2.907354259220483
2,386,www.preinscripciones.unne.edu.ar.txt,-2.9074010871075866
2,387,www.untref.edu.ar.txt,-2.9074909143700243
2,388,www.campusdigital.unlu.edu.ar.txt,-2.9075342635264265
2,389,www0.unsl.edu.ar.txt,-2.907825261450076
2,390,www.unrc.edu.ar.txt,-2.9080966492859823
2,391,ofertec.rec.utn.edu.ar.txt,-2.9081761363005154
2,392,arg01.txt,-2.9081865978778647
2,393,www.ucc.edu.ar.txt,-2.9088784016567306
2,394,hosting.unlp.edu.ar.txt,-2.908912031882488
2,395,mrtg.unt.edu.ar.txt,-2.9098778867696264
2,396,www.educor.unlu.edu.ar.txt,-2.9109533396746152
2,397,www.reparacion.unlu.edu.ar.txt,-2.9111866234994803
2,398,isistan.exa.unicen.edu.ar.txt,-2.9115548668546087
2,399,www.extension.unsl.edu.ar.txt,-2.9115621043907143
2,400,guarani.unne.edu.ar.txt,-2.911677860389655
2,401,www.une.unt.edu.ar.txt,-2.91180493295521
2,402,campus.belgrano.ort.edu.ar.txt,-2.911941279978888
2,403,extensiondigital.fpsico.unr.edu.ar.txt,-2.912342662575855
2,404,www.3ia.unsam.edu.ar.txt,-2.9130132117990217
2,405,w3.unt.edu.ar.txt,-2.9130362824012774
2,406,www.unla.edu.ar.txt,-2.9132126217624843
2,407,www.dasmi.unlu.edu.ar.txt,-2.913423190011047
2,408,revistacyt.unne.edu.ar.txt,-2.913519479200906
2,409,dgti.uncoma.edu.ar.txt,-2.913542095436181
2,410,eeyn.unsam.edu.ar.txt,-2.913923974977145
2,411,extension.unicen.edu.ar.txt,-2.9139395326277646
2,412,aluweb.rect.mdp.edu.ar.txt,-2.914112998380052
2,413,www.fhumyar.unr.edu.ar.txt,-2.9142550636103826
2,414,enfermeria.fhu.unse.edu.ar.txt,-2.9143504778594105
2,415,www.tecc.arte.unicen.edu.ar.txt,-2.9143724889523184
2,416,campus.almagro.ort.edu.ar.txt,-2.914449601594696
2,417,www.unreditora.unr.edu.ar.txt,-2.914634536663077
2,418,www.osunq.unq.edu.ar.txt,-2.9147383907666558
2,419,e-basura.linti.unlp.edu.ar.txt,-2.915016712169783
2,420,bdigital.uncu.edu.ar.txt,-2.9151820928344976
2,421,empleos.unlpam.edu.ar.txt,-2.91523660289529
2,422,www.uner.edu.ar.txt,-2.915480829371032
2,423,www.derechoshumanos.unlp.edu.ar.txt,-2.915717446528121
2,424,www.med.unlp.edu.ar.txt,-2.9157957633154825
2,425,cvd.edu.ar.txt,-2.91586374148164
2,426,exa.unne.edu.ar.txt,-2.9159539341758967
2,427,www.rexuni.edu.ar.txt,-2.916399650233564
2,428,biblio.unicen.edu.ar.txt,-2.916639264764515
2,429,digesto.unsl.edu.ar.txt,-2.916681202306714
2,430,www.ffha.unsj.edu.ar.txt,-2.9167571958678207
2,431,dch.unne.edu.ar.txt,-2.9168284481109445
2,432,www.quequen.unicen.edu.ar.txt,-2.9168767717340205
2,433,www.editorial.unlp.edu.ar.txt,-2.917065982824509
2,434,www.ciged.unsam.edu.ar.txt,-2.917117594690558
2,435,auapsi.psyche.unc.edu.ar.txt,-2.9172170783700047
2,436,www.info.unlp.edu.ar.txt,-2.9176008977194083
2,437,www.ceviar.unlu.edu.ar.txt,-2.9177249813623924
2,438,entornovirtual.unl.edu.ar.txt,-2.918107588592961
2,439,ffyl.uncu.edu.ar.txt,-2.9182316796474947
2,440,www.unlz.edu.ar.txt,-2.9184676039368145
2,441,congresos.unlp.edu.ar.txt,-2.9186179109916255
2,442,www.unlu.edu.ar.txt,-2.918628424733223
2,443,www.unlpam.edu.ar.txt,-2.918647067694705
2,444,www.pefts.unlu.edu.ar.txt,-2.9188739275537245
2,445,www.ing.unlpam.edu.ar.txt,-2.919206145410521
2,446,www.bancodigitalconveniosinternacionales.unr.edu.ar.txt,-2.919367488124343
2,447,eco.unne.edu.ar.txt,-2.9194426820644437
2,448,www.favaloro.edu.ar.txt,-2.919538541728852
2,449,cooperacion.unne.edu.ar.txt,-2.919853067459206
2,450,dcm.unr.edu.ar.txt,-2.9199032499585678
2,451,www.ecyt.unsam.edu.ar.txt,-2.9200081295113076
2,452,www.ct.unt.edu.ar.txt,-2.920411077140096
2,453,biblioteca.unp.edu.ar.txt,-2.920429503558393
2,454,arq.unne.edu.ar.txt,-2.9210206048516265
2,455,campus.ucu.edu.ar.txt,-2.921540537010744
2,456,www.pema.unlu.edu.ar.txt,-2.9217480370649564
2,457,www.folp.unlp.edu.ar.txt,-2.9226587646908513
2,458,www.fcpolit.unr.edu.ar.txt,-2.922776472074308
2,459,www.utdt.edu.txt,-2.9228834615436843
2,460,www.eicam.unsj.edu.ar.txt,-2.9255301377967236
2,461,www.psico.unlp.edu.ar.txt,-2.925886436375365
2,462,www.fm.unt.edu.ar.txt,-2.9263810102801457
2,463,bib.unne.edu.ar.txt,-2.9265352727562965
2,464,www.ucel.edu.ar.txt,-2.926632092520139
2,465,www.idia.unsj.edu.ar.txt,-2.9291345276082583
2,466,www.herrera.unt.edu.ar.txt,-2.935273018951307
3,0,ausmaweb.uncoma.edu.ar.txt,4.391067584750681
3,1,extension.unicen.edu.ar.txt,4.309296157602867
3,2,www.tecc.arte.unicen.edu.ar.txt,4.208320546493958
3,3,www.derecho.unlz.edu.ar.txt,4.191372819713214
3,4,www.fhumyar.unr.edu.ar.txt,4.173237796069852
3,5,www.fpsico.unr.edu.ar.txt,3.655195843246723
3,6,www.extension.unsl.edu.ar.txt,3.441052643013652
3,7,www.unlu.edu.ar.txt,3.357285473770439
3,8,estudiarenargentina.siu.edu.ar.txt,2.8821883732936295
3,9,www.ced.unsam.edu.ar.txt,2.7287593297006274
3,10,www.estudiosculturales.unr.edu.ar.txt,2.637937062955049
3,11,www.untref.edu.ar.txt,2.6332223448144574
3,12,www.campusdigital.unlu.edu.ar.txt,2.5703084369150457
3,13,www.prediounl-ate.edu.ar.txt,2.561522851514486
3,14,www.tyr.unlu.edu.ar.txt,2.512354761411619
3,15,www.unnoba.edu.ar.txt,2.3973734014113868
3,16,www2.mdp.edu.ar.txt,2.3948641552335186
3,17,www.idia.unsj.edu.ar.txt,2.371432147369143
3,18,www.tecnicatura.unt.edu.ar.txt,2.33259786081747
3,19,www.ecyt.unsam.edu.ar.txt,2.273007792494115
3,20,www.cel.unsam.edu.ar.txt,2.2713394232234925
3,21,www.ccu.unsj.edu.ar.txt,2.236391986414077
3,22,www.ucel.edu.ar.txt,2.2304152920494156
3,23,humanidades.unlam.edu.ar.txt,2.229207180600805
3,24,www.atunlu.unlu.edu.ar.txt,2.1671946786130905
3,25,www.cesc.unsam.edu.ar.txt,2.165411993119518
3,26,www.educor.unlu.edu.ar.txt,2.105166584742189
3,27,enfermeria.fhu.unse.edu.ar.txt,2.05023813944743
3,28,materias.unq.edu.ar.txt,2.0480403655987582
3,29,eco.mdp.edu.ar.txt,2.0221445601985826
3,30,www.eidfs.unsj.edu.ar.txt,1.9140106434798436
3,31,www.osunq.unq.edu.ar.txt,1.7982547941712697
3,32,www.bibliotecacentral.unsam.edu.ar.txt,1.7795243360193367
3,33,www.pefts.unlu.edu.ar.txt,1.7601547985031485
3,34,www.uch.edu.ar.txt,1.7574644024300397
3,35,bibliotecadigital.uda.edu.ar.txt,1.755299583483547
3,36,blog.unnoba.edu.ar.txt,1.7037571570267738
3,37,fahuweb.uncoma.edu.ar.txt,1.6919669934004513
3,38,borromeo.kennedy.edu.ar.txt,1.6905668986389435
3,39,aluweb.rect.mdp.edu.ar.txt,1.688976172185856
3,40,www.pema.unlu.edu.ar.txt,1.682344537039097
3,41,www.ciged.unsam.edu.ar.txt,1.6801395913262434
3,42,e-basura.linti.unlp.edu.ar.txt,1.6733091162285658
3,43,www.esupcom.unr.edu.ar.txt,1.6721279590881801
3,44,www.psico.unlp.edu.ar.txt,1.6481688582557157
3,45,www.quequen.unicen.edu.ar.txt,1.6476198703052936
3,46,www.21.edu.ar.txt,1.6335062338157151
3,47,www.ceviar.unlu.edu.ar.txt,1.6305478773658546
3,48,www.quimica.unlp.edu.ar.txt,1.6174477614251743
3,49,www.untrefvirtual.edu.ar.txt,1.6107128590903896
3,50,eco.unne.edu.ar.txt,1.585206963513864
3,51,www.ing.unlpam.edu.ar.txt,1.5836908614545993
3,52,www.coneau.edu.ar.txt,1.5542923310929126
3,53,www.eco.unrc.edu.ar.txt,1.5095027093297735
3,54,www.unla.edu.ar.txt,1.465731619321332
3,55,cooperacion.unne.edu.ar.txt,1.4620490090187952
3,56,editorial.blog.unq.edu.ar.txt,1.4561953965221732
3,57,www.nacio.unlp.edu.ar.txt,1.4388278975175817
3,58,bib.unne.edu.ar.txt,1.3918544300502027
3,59,www.rexuni.edu.ar.txt,1.3842266773293033
3,60,www.uesiglo21.edu.ar.txt,1.3656678264598308
3,61,www.utdt.edu.txt,1.349199357848668
3,62,campus.ucu.edu.ar.txt,1.292440547870151
3,63,postgrado.info.unlp.edu.ar.txt,1.209010139605007
3,64,www.info.unlp.edu.ar.txt,1.1438830566989724
3,65,www.ffha.unsj.edu.ar.txt,1.1401242760937436
3,66,www.caece.edu.ar.txt,1.1114586620506826
3,67,arq.unne.edu.ar.txt,1.0773059690846982
3,68,www.vet.unicen.edu.ar.txt,1.0565946327478317
3,69,congresos.unlp.edu.ar.txt,1.0496475573184858
3,70,fisica.mdp.edu.ar.txt,1.0382426528354707
3,71,www.fcagr.unr.edu.ar.txt,0.9912981480667581
3,72,posgrado.fceia.unr.edu.ar.txt,0.9717591334108471
3,73,bdigital.uncu.edu.ar.txt,0.9691772341582692
3,74,www.unrc.edu.ar.txt,0.8923446174015468
3,75,ffyl.uncu.edu.ar.txt,0.8900121639582953
3,76,www.cea.unc.edu.ar.txt,0.7991472082836265
3,77,www.biol.unlp.edu.ar.txt,0.5744588824097893
3,78,www.fbioyf.unr.edu.ar.txt,0.5601572375625239
3,79,www.unsam.edu.ar.txt,0.5187280231598212
3,80,www.favaloro.edu.ar.txt,0.2874494172004029
3,81,extensiondigital.fpsico.unr.edu.ar.txt,0.06707295663637365
4,0,www.herrera.unt.edu.ar.txt,1.5104973473184733
4,1,www.ing.unrc.edu.ar.txt,1.1197134314672448
4,2,www.tyr.unlu.edu.ar.txt,0.9676213431080987
4,3,www.fiq.unl.edu.ar.txt,0.9647939161844952
4,4,www.qui10192.unlu.edu.ar.txt,0.9567292352923986
4,5,ifimat.exa.unicen.edu.ar.txt,0.7943213901880473
4,6,www.ecyt.unsam.edu.ar.txt,0.5758506032755244
4,7,www.med.unlp.edu.ar.txt,0.5066614031901372
4,8,www.esupcom.unr.edu.ar.txt,0.5061510038538695
4,9,faa.unse.edu.ar.txt,0.4158243473115335
4,10,www.quimica.unlp.edu.ar.txt,0.13102220158783173
4,11,exa.unne.edu.ar.txt,0.09782440994605279
4,12,posgrado.fceia.unr.edu.ar.txt,-0.14526467690759837
4,13,organizaciones.unrc.edu.ar.txt,-0.15407163590938722
4,14,www.fcagr.unr.edu.ar.txt,-0.16498124514562318
4,15,www.uch.edu.ar.txt,-0.19889716273327718
4,16,sal01.txt,-0.2246459491259709
4,17,lae.unsl.edu.ar.txt,-0.23258082210147846
4,18,inter2.unsl.edu.ar.txt,-0.251162611374665
4,19,congresos.unlp.edu.ar.txt,-0.38098224066969677
4,20,www.utdt.edu.txt,-0.3924059012872031
4,21,bib.unne.edu.ar.txt,-0.4297770995978283
4,22,teyet-revista.info.unlp.edu.ar.txt,-0.4400808761687032
4,23,ofertec.rec.utn.edu.ar.txt,-0.45675727424602597
4,24,academiacisco.unnoba.edu.ar.txt,-0.49310030940518157
4,25,www.3ia.unsam.edu.ar.txt,-0.543609972266808
4,26,www.atunlu.unlu.edu.ar.txt,-0.6107301942782293
4,27,www.compras.unlu.edu.ar.txt,-0.6277822230282664
4,28,licitaciones.unsl.edu.ar.txt,-0.6806022826371856
4,29,www.estadistica.unlu.edu.ar.txt,-0.7200670909972198
4,30,www.quequen.unicen.edu.ar.txt,-0.7519101435076463
4,31,www.priet.unlu.edu.ar.txt,-0.7813059751282396
4,32,geologia.unsl.edu.ar.txt,-0.8034610944861811
4,33,www.iflysib.unlp.edu.ar.txt,-0.860849624811165
4,34,empleos.unlpam.edu.ar.txt,-0.9045117819860864
4,35,www.electro.fisica.unlp.edu.ar.txt,-0.9081764641972236
4,36,www.iflp.fisica.unlp.edu.ar.txt,-0.9081764641972236
4,37,www.biol.unlp.edu.ar.txt,-0.9168320832570849
4,38,www.matepreuni.unlu.edu.ar.txt,-0.9196313925654407
4,39,campus.administracion.ort.edu.ar.txt,-0.9274124993478225
4,40,sal04.txt,-0.9307942385400751
4,41,campus.belgrano.ort.edu.ar.txt,-0.9465758078264244
4,42,www.favaloro.edu.ar.txt,-0.9465778990023042
4,43,ifas.exa.unicen.edu.ar.txt,-0.9510708927879299
4,44,campus.almagro.ort.edu.ar.txt,-0.9518248039880133
4,45,www.insumos-labcentral.unlu.edu.ar.txt,-0.9549437507540794
4,46,humanidades.unlam.edu.ar.txt,-1.0039060744731163
4,47,www.unsj-cuim.edu.ar.txt,-1.0077656963332287
4,48,ucesarte.uces.edu.ar.txt,-1.047751566224762
4,49,biblio.unicen.edu.ar.txt,-1.0557780792086486
4,50,www.certificaciones.unlu.edu.ar.txt,-1.063156681418534
4,51,isistan.exa.unicen.edu.ar.txt,-1.0695393527214847
4,52,blogs.ffyh.unc.edu.ar.txt,-1.0863223403353321
4,53,docensci.sites.exa.unicen.edu.ar.txt,-1.0936254091527358
4,54,www.uner.edu.ar.txt,-1.0988954962481228
4,55,sal06.txt,-1.1000089147968715
4,56,economicas2.unlam.edu.ar.txt,-1.1135333615974052
4,57,www.campusdigital.unlu.edu.ar.txt,-1.1305833053490353
4,58,ffyl.uncu.edu.ar.txt,-1.1857385603113717
4,59,webmail.unc.edu.ar.txt,-1.1869420766072094
4,60,estudiarenargentina.siu.edu.ar.txt,-1.1877313891989072
4,61,ausmaweb.uncoma.edu.ar.txt,-1.2123259629506753
4,62,fisica.mdp.edu.ar.txt,-1.2134526247397828
4,63,www.qui10017.unlu.edu.ar.txt,-1.2210242015345523
4,64,www.itba.edu.ar.txt,-1.2359841407476786
4,65,www.academica.faa.unicen.edu.ar.txt,-1.237719077753336
4,66,www.unlz.edu.ar.txt,-1.2473428068470342
4,67,bibliocentral.uncoma.edu.ar.txt,-1.2746639017919192
4,68,www.extension.unsl.edu.ar.txt,-1.2800354000517926
4,69,www.prediounl-ate.edu.ar.txt,-1.281229692049967
4,70,niecyt.exa.unicen.edu.ar.txt,-1.2927099209431647
4,71,www.ffha.unsj.edu.ar.txt,-1.3261103312064566
4,72,economicas.unlam.edu.ar.txt,-1.326376737208286
4,73,materias.unq.edu.ar.txt,-1.3344810835421217
4,74,www.untref.edu.ar.txt,-1.352610251582754
4,75,webfmn.unsl.edu.ar.txt,-1.3730780294589833
4,76,campus.ucu.edu.ar.txt,-1.4279482642500867
4,77,www.unsam.edu.ar.txt,-1.4287158336684402
4,78,formacioncontinua.unlam.edu.ar.txt,-1.4498128028132888
4,79,www.analisis1.unlu.edu.ar.txt,-1.4616114921581844
4,80,www.fm.unt.edu.ar.txt,-1.462184361793188
4,81,www.info.unlp.edu.ar.txt,-1.4632797668958153
4,82,www.bba.unlp.edu.ar.txt,-1.4640245790611326
4,83,www.reparacion.unlu.edu.ar.txt,-1.4888341568275225
4,84,www.idia.unsj.edu.ar.txt,-1.4896627999353647
4,85,www.uno.edu.ar.txt,-1.4918117500131616
4,86,www.preinscripciones.unne.edu.ar.txt,-1.5042646477217487
4,87,ingenieria.unlam.edu.ar.txt,-1.5058826589125083
4,88,auapsi.psyche.unc.edu.ar.txt,-1.5106819883184224
4,89,arg04.txt,-1.5150817843948794
4,90,www0.unsl.edu.ar.txt,-1.5217734211229763
4,91,www.fhumyar.unr.edu.ar.txt,-1.5265737112524262
4,92,www.unlu.edu.ar.txt,-1.5417307022789377
4,93,agora.unnoba.edu.ar.txt,-1.551384612929508
4,94,www.filo.unt.edu.ar.txt,-1.6324564965157335
4,95,crubweb.uncoma.edu.ar.txt,-1.6988323175922906
4,96,www.pema.unlu.edu.ar.txt,-1.7014644585218315
4,97,humanidades.unsam.edu.ar.txt,-1.7213058844508962
4,98,www.mdp.edu.ar.txt,-1.7441959631314963
4,99,www.ing.unlpam.edu.ar.txt,-1.7462877438713738
4,100,ibone.unne.edu.ar.txt,-1.7539906585727716
4,101,www.ing.unlp.edu.ar.txt,-1.7642993945733523
4,102,www.entomologiaforense.unq.edu.ar.txt,-1.7671050416204501
4,103,www.ced.unsam.edu.ar.txt,-1.8033311875271445
4,104,eco.mdp.edu.ar.txt,-1.8202748889872438
4,105,www.iua.edu.ar.txt,-1.8281765850605716
4,106,w3.unt.edu.ar.txt,-1.829926469062236
4,107,www.bancodigitalconveniosinternacionales.unr.edu.ar.txt,-1.866996651206231
4,108,eco.unne.edu.ar.txt,-1.897996340668843
4,109,www.exa.unicen.edu.ar.txt,-1.9122733814750672
4,110,www2.mdp.edu.ar.txt,-1.9365369715515817
4,111,www.vinctec.uner.edu.ar.txt,-1.9392418373707359
4,112,www.21.edu.ar.txt,-1.9407912562133731
4,113,odn.unne.edu.ar.txt,-1.9526075501285978
4,114,www.universidad-policial.edu.ar.txt,-2.0036731031014163
4,115,bdigital.uncu.edu.ar.txt,-2.0118868706979622
4,116,www.magisterio.edu.ar.txt,-2.0146093070926643
4,117,ufq.unq.edu.ar.txt,-2.0182812859566774
4,118,www.unp.edu.ar.txt,-2.052754589846059
4,119,www.efu.unsj.edu.ar.txt,-2.0532097453405944
4,120,www.editorial.unam.edu.ar.txt,-2.0893684419859695
4,121,www.uesiglo21.edu.ar.txt,-2.0913636966432123
4,122,investigadores.uncoma.edu.ar.txt,-2.1079296211086667
4,123,extensiondigital.fpsico.unr.edu.ar.txt,-2.1229419884231366
4,124,www.graduados.uade.edu.ar.txt,-2.1309163844949475
4,125,www.nacio.unlp.edu.ar.txt,-2.1369944585176937
4,126,www.eidfs.unsj.edu.ar.txt,-2.1528166050652056
4,127,www.unrc.edu.ar.txt,-2.162295744783337
4,128,cegae.unne.edu.ar.txt,-2.1713080951643984
4,129,www.atlas.unsj.edu.ar.txt,-2.181288288346729
4,130,www.fbioyf.unr.edu.ar.txt,-2.1855558589825685
4,131,www.spepsantafe.edu.ar.txt,-2.211787039745475
4,132,aulavirtual.eco.unc.edu.ar.txt,-2.2162137653275416
4,133,aulavirtual.cea.unc.edu.ar.txt,-2.2296009013907683
4,134,www.seyd.unrc.edu.ar.txt,-2.2340992928486134
4,135,www.residencias.unt.edu.ar.txt,-2.238615872705076
4,136,www.analitica.unlu.edu.ar.txt,-2.243150751495668
4,137,www.integra.unlu.edu.ar.txt,-2.2477040406533866
4,138,webmail.mdp.edu.ar.txt,-2.2492259142890845
4,139,www.neu.unsl.edu.ar.txt,-2.2592509914606325
4,140,dgisrv15.unt.edu.ar.txt,-2.2598190309255277
4,141,www.folp.unlp.edu.ar.txt,-2.299594723608805
4,142,webmail.unla.edu.ar.txt,-2.307374301803238
4,143,wichi.rect.mdp.edu.ar.txt,-2.315730161869549
4,144,www2.unam.edu.ar.txt,-2.326767916044733
4,145,uaionline.uai.edu.ar.txt,-2.3282051578240837
4,146,virtual.unne.edu.ar.txt,-2.3485541080666597
4,147,www.unq.edu.ar.txt,-2.366928737993654
4,148,www.rueda.edu.ar.txt,-2.388147876157473
4,149,pagos.unc.edu.ar.txt,-2.4170591226872276
4,150,www.ceviar.unlu.edu.ar.txt,-2.419840009149185
4,151,www.uaisoft.uai.edu.ar.txt,-2.422985490977626
4,152,www.unla.edu.ar.txt,-2.437794089721237
4,153,www.dasmi.unlu.edu.ar.txt,-2.441802733204219
4,154,www.ct.unt.edu.ar.txt,-2.443300306921672
4,155,kolla.unnoba.edu.ar.txt,-2.445529057478277
4,156,webmail.uncu.edu.ar.txt,-2.456127577910543
4,157,www.fca.proed.unc.edu.ar.txt,-2.4618400942205936
4,158,saebu.unsl.edu.ar.txt,-2.4799642755291833
4,159,www.siat.unrc.edu.ar.txt,-2.4836725865595515
4,160,museocontacto.unsl.edu.ar.txt,-2.498617399360521
4,161,www.so.unlu.edu.ar.txt,-2.507103161751534
4,162,biblioteca.bib.unrc.edu.ar.txt,-2.5156467589672507
4,163,www.e-universitas.edu.ar.txt,-2.5175532497609296
4,164,www.fveter.unr.edu.ar.txt,-2.521001946221186
4,165,incentivos.siu.edu.ar.txt,-2.526086933840144
4,166,siu.facso.unsj.edu.ar.txt,-2.5261683404936424
4,167,siu.farqui.unsj.edu.ar.txt,-2.5261683404936424
4,168,siu.fi.unsj.edu.ar.txt,-2.5261683404936424
4,169,www.ecointcrc.unlu.edu.ar.txt,-2.530016224559807
4,170,intra.exa.unrc.edu.ar.txt,-2.533875848777187
4,171,jardinmaternal.unsl.edu.ar.txt,-2.533875848777187
4,172,agr.unne.edu.ar.txt,-2.533875848777187
4,173,guarani.exa.unne.edu.ar.txt,-2.537747266957853
4,174,guarani.odn.unne.edu.ar.txt,-2.537747266957853
4,175,guarani.unlar.edu.ar.txt,-2.537747266957853
4,176,g3w.unnoba.edu.ar.txt,-2.537747266957853
4,177,guarani.dch.unne.edu.ar.txt,-2.537747266957853
4,178,bdu.siu.edu.ar.txt,-2.5416305332432474
4,179,apunsl.unsl.edu.ar.txt,-2.544550791032591
4,180,www.uvt.unsj.edu.ar.txt,-2.544550791032591
4,181,auth.ucel.edu.ar.txt,-2.545525702106713
4,182,wap.unsam.edu.ar.txt,-2.54747776711952
4,183,www.uai.unlu.edu.ar.txt,-2.548454922778831
4,184,correo.fices.unsl.edu.ar.txt,-2.5494328283560326
4,185,becas.unq.edu.ar.txt,-2.5504114847147417
4,186,dep01.txt,-2.5526425232139087
4,187,www.juliocultural.unt.edu.ar.txt,-2.5710820213377583
4,188,www.delaescuela.unl.edu.ar.txt,-2.60808921892391
4,189,blog.ucc.edu.ar.txt,-2.6094550198054582
4,190,www.dante.edu.ar.txt,-2.6115064053896466
4,191,webmail.unr.edu.ar.txt,-2.6149325581768212
4,192,www.ddjjcargos.uner.edu.ar.txt,-2.615160506721048
4,193,www.agro.unlpam.edu.ar.txt,-2.623853495892519
4,194,www.faa.unicen.edu.ar.txt,-2.6399097028317917
4,195,www.proyectoazul.unlu.edu.ar.txt,-2.6461773101445707
4,196,www.becas.unr.edu.ar.txt,-2.650017531476919
4,197,www.cavila.unlp.edu.ar.txt,-2.6503997815058082
4,198,www.laronda.unl.edu.ar.txt,-2.6531923223763454
4,199,secyt.fba.unlp.edu.ar.txt,-2.6532222567675756
4,200,becas.mdp.edu.ar.txt,-2.653928815121474
4,201,www.epctv.edu.ar.txt,-2.6553430613782263
4,202,alumnos.ucu.edu.ar.txt,-2.6574672591537762
4,203,alumnosweb.mdp.edu.ar.txt,-2.663860293098746
4,204,uncavim50.unc.edu.ar.txt,-2.6652247330088263
4,205,www.artes.unne.edu.ar.txt,-2.666711525434065
4,206,www.frp.utn.edu.ar.txt,-2.6761695277550674
4,207,www.ort.edu.ar.txt,-2.6853636876443847
4,208,www.eas.unt.edu.ar.txt,-2.691229119230129
4,209,www.museo.unlu.edu.ar.txt,-2.695167789671468
4,210,www.tecno.unlu.edu.ar.txt,-2.6973562087833933
4,211,www.fm.fcm.unr.edu.ar.txt,-2.7003409787715493
4,212,www.autogestionpsico.unt.edu.ar.txt,-2.702445310903113
4,213,campusmoodle.proed.unc.edu.ar.txt,-2.7028428365015245
4,214,www.intec.unl.edu.ar.txt,-2.7067883560308617
4,215,www.peunmdp.mdp.edu.ar.txt,-2.7077999204213805
4,216,www.secgral.unse.edu.ar.txt,-2.7077999204213805
4,217,www.mendoza.edu.ar.txt,-2.710683548888825
4,218,correo.unq.edu.ar.txt,-2.7111147569791973
4,219,fce.unne.edu.ar.txt,-2.712775220591472
4,220,osuner.uner.edu.ar.txt,-2.715547184458364
4,221,www.ead.unsj.edu.ar.txt,-2.7165276504479556
4,222,www.dga.unlu.edu.ar.txt,-2.71999412890773
4,223,www.portalnoticias.unt.edu.ar.txt,-2.7220056756208697
4,224,webmail.unne.edu.ar.txt,-2.7225009888749345
4,225,aulavirtual.ffyh.unc.edu.ar.txt,-2.7328606068708026
4,226,www.redbien.edu.ar.txt,-2.7329803675583486
4,227,kinesio.med.unne.edu.ar.txt,-2.7382266905334287
4,228,simap.rect.mdp.edu.ar.txt,-2.7416804920426814
4,229,medicina.uncoma.edu.ar.txt,-2.7434491144890023
4,230,iciecymiienem.sites.exa.unicen.edu.ar.txt,-2.744217833176422
4,231,servicios.rectorado.unl.edu.ar.txt,-2.7452628636319396
4,232,www.primaria.unl.edu.ar.txt,-2.74920988677395
4,233,biblio1.mdp.edu.ar.txt,-2.7493525807279604
4,234,aulavirtual.derecho.proed.unc.edu.ar.txt,-2.752541905909599
4,235,gestion.rect.mdp.edu.ar.txt,-2.756338365165673
4,236,www.catec.unlu.edu.ar.txt,-2.7584846118639716
4,237,webunlp.unlp.edu.ar.txt,-2.7609200239357135
4,238,www.hospital.uncu.edu.ar.txt,-2.7616056704837457
4,239,rectorado.unl.edu.ar.txt,-2.7641678635527684
4,240,www.saneamiento.unlu.edu.ar.txt,-2.7649132131315475
4,241,bibliotecas.unr.edu.ar.txt,-2.7688948200883017
4,242,www.mi.uade.edu.ar.txt,-2.770094931691352
4,243,aulavirtual.odontologia.unc.edu.ar.txt,-2.77197546019645
4,244,florida.unsl.edu.ar.txt,-2.7737015165452665
4,245,dep04.txt,-2.7789832460907227
4,246,sinfpatagonia.unrn.edu.ar.txt,-2.7790430674227267
4,247,ofertasgrado.siu.edu.ar.txt,-2.779215741605042
4,248,www.uspt.edu.ar.txt,-2.7799070261015895
4,249,www.becas.unlp.edu.ar.txt,-2.7820350544807897
4,250,www.prolab.unlp.edu.ar.txt,-2.7821638660635557
4,251,fhcss3w.unse.edu.ar.txt,-2.782691482905871
4,252,nucompa.exa.unicen.edu.ar.txt,-2.787522902705616
4,253,www.fcv.unl.edu.ar.txt,-2.7893184587708526
4,254,int04.txt,-2.7899041028727365
4,255,sgr.unsam.edu.ar.txt,-2.7917115072218657
4,256,www.cultura.unlu.edu.ar.txt,-2.795300601744596
4,257,users.exa.unicen.edu.ar.txt,-2.7955876688437074
4,258,programas.unsl.edu.ar.txt,-2.7972454585144177
4,259,www.ub.edu.ar.txt,-2.7982954053855877
4,260,www.cidepa.unlu.edu.ar.txt,-2.8024779209180775
4,261,www.universidadhoy.unsj.edu.ar.txt,-2.8031464197013043
4,262,sistemas.uncu.edu.ar.txt,-2.805182512289944
4,263,salud.unlam.edu.ar.txt,-2.805930943902065
4,264,www.humanasvirtual.edu.ar.txt,-2.8110364047309773
4,265,dep06.txt,-2.8128426633409243
4,266,www.cartapacio.edu.ar.txt,-2.8132185706740085
4,267,citsistemas2.uncu.edu.ar.txt,-2.813428336991329
4,268,www.representacion.unt.edu.ar.txt,-2.814129089452442
4,269,farmacia.unsl.edu.ar.txt,-2.8172361742209073
4,270,www.estudiosculturales.unr.edu.ar.txt,-2.817709541699644
4,271,www.ci-mercosur.unsj.edu.ar.txt,-2.8182169989648416
4,272,hum.unne.edu.ar.txt,-2.8195307895826085
4,273,www.diu.unr.edu.ar.txt,-2.821229061498461
4,274,www.cehp.unsam.edu.ar.txt,-2.8230327082981486
4,275,www.fcm.unr.edu.ar.txt,-2.8241574367968165
4,276,www.deportes.unlu.edu.ar.txt,-2.8262696079421357
4,277,dep03.txt,-2.8265834559050633
4,278,www.practicaspreprofesionales.unlp.edu.ar.txt,-2.8267284038404057
4,279,sal03.txt,-2.8285192235649643
4,280,campus2.unsl.edu.ar.txt,-2.8288680928026193
4,281,redbiblio.unne.edu.ar.txt,-2.833501712749757
4,282,www1.unne.edu.ar.txt,-2.8335686203115746
4,283,webmail.unrc.edu.ar.txt,-2.8343089286192376
4,284,sal02.txt,-2.834468790828536
4,285,www.economicas.unlz.edu.ar.txt,-2.8348582653787933
4,286,www.untrefvirtual.edu.ar.txt,-2.8354212239189382
4,287,www.becas.unicen.edu.ar.txt,-2.837228859299313
4,288,www.gab.unlu.edu.ar.txt,-2.8383437134699965
4,289,www.roble.unlp.edu.ar.txt,-2.8397531051257254
4,290,distancia.fcq.unc.edu.ar.txt,-2.840278289584648
4,291,www.histelea.unlu.edu.ar.txt,-2.840369055395327
4,292,dep07.txt,-2.840742735270605
4,293,sal07.txt,-2.8413034394753316
4,294,blogs.ufasta.edu.ar.txt,-2.841490390067469
4,295,www.posgrado.unsl.edu.ar.txt,-2.8422965655790433
4,296,agrobiotecnologia.unsam.edu.ar.txt,-2.844371500590509
4,297,www.ausal.unlu.edu.ar.txt,-2.8451385806288623
4,298,biblio.unlp.edu.ar.txt,-2.847030837978537
4,299,www.gumersindo.unlp.edu.ar.txt,-2.84859871426968
4,300,paimec.unsl.edu.ar.txt,-2.8501396900430933
4,301,arg02.txt,-2.8506932514656596
4,302,derecho.unlam.edu.ar.txt,-2.8510687676155917
4,303,www.odontologia.unt.edu.ar.txt,-2.8517510583505565
4,304,www.cea.unc.edu.ar.txt,-2.8519309069208885
4,305,www.derecho.unlz.edu.ar.txt,-2.853894460698565
4,306,www.idn.jursoc.unlp.edu.ar.txt,-2.854835375381638
4,307,www.palermo.edu.ar.txt,-2.8560240105862915
4,308,planinst.unsl.edu.ar.txt,-2.8569701827745835
4,309,www.bibliotecacentral.unsam.edu.ar.txt,-2.858360024260457
4,310,fahuweb.uncoma.edu.ar.txt,-2.859064389161736
4,311,internacional.unlam.edu.ar.txt,-2.8592644050222753
4,312,alumnos-web.mdp.edu.ar.txt,-2.8604024654533764
4,313,www.cdc.unrc.edu.ar.txt,-2.8605645205404566
4,314,www.fqbf.unsl.edu.ar.txt,-2.8607142335588556
4,315,www.soporte.unsam.edu.ar.txt,-2.860878967147778
4,316,alumnos-agr.mdp.edu.ar.txt,-2.861303688861812
4,317,csu.rec.utn.edu.ar.txt,-2.861640851349412
4,318,docencia-universitaria.uai.edu.ar.txt,-2.8618753788970137
4,319,tec01.txt,-2.863695028630068
4,320,aulavirtual.psyche.unc.edu.ar.txt,-2.8644342728179755
4,321,www.fiqus.unl.edu.ar.txt,-2.8651723320480995
4,322,dep02.txt,-2.865522078693166
4,323,ead.campus.favaloro.edu.ar.txt,-2.8662865262426096
4,324,www.uns.edu.ar.txt,-2.8665342318276816
4,325,shya.unsl.edu.ar.txt,-2.8668149217675154
4,326,www.eco.unlpam.edu.ar.txt,-2.8672970465086607
4,327,sg.rec.utn.edu.ar.txt,-2.8681810610255707
4,328,infoinst.unsl.edu.ar.txt,-2.868831610605301
4,329,www.gtec-ce.edu.ar.txt,-2.868915120648192
4,330,www.fcm.unl.edu.ar.txt,-2.869583759776524
4,331,biblioteca.unsl.edu.ar.txt,-2.8697129587595436
4,332,dvtt.unq.edu.ar.txt,-2.870623979692541
4,333,www.ucine.edu.ar.txt,-2.871335226998865
4,334,sicyt.scyt.rec.utn.edu.ar.txt,-2.8714051629689226
4,335,tec02.txt,-2.8717740501907554
4,336,empresas.unlam.edu.ar.txt,-2.8725045903319106
4,337,eluniversitario.unne.edu.ar.txt,-2.873182549874532
4,338,www.fbqf.unt.edu.ar.txt,-2.8740007912595646
4,339,www.fcjs.unl.edu.ar.txt,-2.8741960927179346
4,340,ubyd.ungs.edu.ar.txt,-2.8742668289616518
4,341,www.radiouniversidad.unse.edu.ar.txt,-2.874402530063227
4,342,www.udemm.edu.ar.txt,-2.8751881597681557
4,343,www.ayv.unrc.edu.ar.txt,-2.8753016585423623
4,344,www.temambiental.unlu.edu.ar.txt,-2.875374789133622
4,345,www.argenfood.unlu.edu.ar.txt,-2.875925727706205
4,346,sistemas.unlpam.edu.ar.txt,-2.8760564680901117
4,347,bicentenario.unc.edu.ar.txt,-2.876122671947473
4,348,www.secyt.unc.edu.ar.txt,-2.876416734198824
4,349,www.revistaestudios.unc.edu.ar.txt,-2.8769079083790454
4,350,www.sociales.unlu.edu.ar.txt,-2.8772308089374805
4,351,criminalisticas.unne.edu.ar.txt,-2.8772644324492735
4,352,sal05.txt,-2.877341118763574
4,353,www.icj.jursoc.unlp.edu.ar.txt,-2.877703465104514
4,354,www.cesc.unsam.edu.ar.txt,-2.8779433500995104
4,355,int05.txt,-2.878095373265952
4,356,www.caece.edu.ar.txt,-2.878122205099206
4,357,www.coneau.edu.ar.txt,-2.878737986698678
4,358,www.cel.unsam.edu.ar.txt,-2.881102526054935
4,359,trabajando.ucongreso.edu.ar.txt,-2.8817670811241
4,360,auvr.uncoma.edu.ar.txt,-2.8827026179243416
4,361,int01.txt,-2.8830028330341104
4,362,rapes.unsl.edu.ar.txt,-2.8833926752431323
4,363,correspondencia.uncoma.edu.ar.txt,-2.8834988271552073
4,364,www.proyectosextension.unr.edu.ar.txt,-2.883860648884402
4,365,fundacion.unsl.edu.ar.txt,-2.8839877254687365
4,366,www.ciedal.unsam.edu.ar.txt,-2.884147870107663
4,367,empleos.kennedy.edu.ar.txt,-2.8849645675488396
4,368,www.iuna.edu.ar.txt,-2.8853871787764236
4,369,www.puntoedu.edu.ar.txt,-2.8855638701497957
4,370,biblioteca.unnoba.edu.ar.txt,-2.885636209512414
4,371,www.fapyd.unr.edu.ar.txt,-2.8857636692104416
4,372,www.biologia.unlu.edu.ar.txt,-2.8859113774867295
4,373,essa.uncoma.edu.ar.txt,-2.886174960491634
4,374,pasantias.ufasta.edu.ar.txt,-2.8870389001857597
4,375,www.jursoc.unlp.edu.ar.txt,-2.8876149784236818
4,376,fce.unse.edu.ar.txt,-2.8887006272359397
4,377,deptomat.unsl.edu.ar.txt,-2.8887465179300245
4,378,www.arte.unicen.edu.ar.txt,-2.8888193977518943
4,379,dngusisco.siu.edu.ar.txt,-2.8892772631263655
4,380,int03.txt,-2.8898816373438616
4,381,empleos.uda.edu.ar.txt,-2.8907785660079477
4,382,www.unnoba.edu.ar.txt,-2.8908845780728623
4,383,facaweb.uncoma.edu.ar.txt,-2.891414778406645
4,384,arg03.txt,-2.891599540849368
4,385,www.udesa.edu.ar.txt,-2.8920956372827638
4,386,www.observatur.edu.ar.txt,-2.8923714739374335
4,387,www.hort.unlu.edu.ar.txt,-2.892400089988329
4,388,www.eco.unrc.edu.ar.txt,-2.892566626402166
4,389,asyt.fcm.unr.edu.ar.txt,-2.8930298247607382
4,390,postgrado.info.unlp.edu.ar.txt,-2.8935385075088162
4,391,www.ingreso.unlp.edu.ar.txt,-2.8936982834668195
4,392,sisinfo.unrc.edu.ar.txt,-2.8937430000875564
4,393,www.politicaygobierno.unsam.edu.ar.txt,-2.8946507474985914
4,394,www.riu.edu.ar.txt,-2.8953014299525006
4,395,www.vet.unicen.edu.ar.txt,-2.895698553133076
4,396,dep05.txt,-2.8962579254762577
4,397,www.campusvirtualunr.edu.ar.txt,-2.896609825685753
4,398,becas.unsl.edu.ar.txt,-2.896739622801096
4,399,www.salud.unicen.edu.ar.txt,-2.897783457739552
4,400,faceweb.uncoma.edu.ar.txt,-2.897825006191378
4,401,info.unsl.edu.ar.txt,-2.898000721481751
4,402,uvt.unse.edu.ar.txt,-2.8986218627310256
4,403,fadeweb.uncoma.edu.ar.txt,-2.8989855460514296
4,404,bibliotecadigital.uda.edu.ar.txt,-2.8995038465011347
4,405,dospu.unsl.edu.ar.txt,-2.9000239794076106
4,406,auzaweb.uncoma.edu.ar.txt,-2.9011049639730855
4,407,www.exa.unrc.edu.ar.txt,-2.901742521968623
4,408,www.uccor.edu.ar.txt,-2.9018618621949446
4,409,dgp.unsam.edu.ar.txt,-2.9027447136059035
4,410,faciasweb.uncoma.edu.ar.txt,-2.902907841316118
4,411,publicacionesfh.mdp.edu.ar.txt,-2.903091892095878
4,412,borromeo.kennedy.edu.ar.txt,-2.9037302218403163
4,413,empleos.unc.edu.ar.txt,-2.9037684624137006
4,414,www.unidesarrollo.unlu.edu.ar.txt,-2.90469121399452
4,415,www.utn.edu.ar.txt,-2.9048965098646766
4,416,www.tecnicatura.unt.edu.ar.txt,-2.904952065925062
4,417,int02.txt,-2.905061575451853
4,418,www.ideas.unsam.edu.ar.txt,-2.9051178653903773
4,419,www.qgeneral.unlu.edu.ar.txt,-2.9051314884366013
4,420,www.seguridadinformatica.unlu.edu.ar.txt,-2.905664654965112
4,421,www.fpsico.unr.edu.ar.txt,-2.9059795302152867
4,422,www.secretariaacademica.unr.edu.ar.txt,-2.9060966766399825
4,423,editorial.blog.unq.edu.ar.txt,-2.9061694518096486
4,424,www.ccu.unsj.edu.ar.txt,-2.9062075385816373
4,425,www.polocentroeste.edu.ar.txt,-2.9062269918358687
4,426,www.ingresantes.uner.edu.ar.txt,-2.906656742019112
4,427,preinscripcion.uncoma.edu.ar.txt,-2.9066831476875823
4,428,tec03.txt,-2.906985199557732
4,429,seminariorueda2010.unicen.edu.ar.txt,-2.9071277095226957
4,430,blog.unnoba.edu.ar.txt,-2.907354259220483
4,431,arg01.txt,-2.9081865978778647
4,432,www.ucc.edu.ar.txt,-2.9088784016567306
4,433,hosting.unlp.edu.ar.txt,-2.908912031882488
4,434,mrtg.unt.edu.ar.txt,-2.9098778867696264
4,435,www.educor.unlu.edu.ar.txt,-2.9109533396746152
4,436,guarani.unne.edu.ar.txt,-2.911677860389655
4,437,www.une.unt.edu.ar.txt,-2.91180493295521
4,438,revistacyt.unne.edu.ar.txt,-2.913519479200906
4,439,dgti.uncoma.edu.ar.txt,-2.913542095436181
4,440,eeyn.unsam.edu.ar.txt,-2.913923974977145
4,441,extension.unicen.edu.ar.txt,-2.9139395326277646
4,442,aluweb.rect.mdp.edu.ar.txt,-2.914112998380052
4,443,enfermeria.fhu.unse.edu.ar.txt,-2.9143504778594105
4,444,www.tecc.arte.unicen.edu.ar.txt,-2.9143724889523184
4,445,www.unreditora.unr.edu.ar.txt,-2.914634536663077
4,446,www.osunq.unq.edu.ar.txt,-2.9147383907666558
4,447,e-basura.linti.unlp.edu.ar.txt,-2.915016712169783
4,448,www.derechoshumanos.unlp.edu.ar.txt,-2.915717446528121
4,449,cvd.edu.ar.txt,-2.91586374148164
4,450,www.rexuni.edu.ar.txt,-2.916399650233564
4,451,digesto.unsl.edu.ar.txt,-2.916681202306714
4,452,dch.unne.edu.ar.txt,-2.9168284481109445
4,453,www.editorial.unlp.edu.ar.txt,-2.917065982824509
4,454,www.ciged.unsam.edu.ar.txt,-2.917117594690558
4,455,entornovirtual.unl.edu.ar.txt,-2.918107588592961
4,456,www.unlpam.edu.ar.txt,-2.918647067694705
4,457,www.pefts.unlu.edu.ar.txt,-2.9188739275537245
4,458,cooperacion.unne.edu.ar.txt,-2.919853067459206
4,459,dcm.unr.edu.ar.txt,-2.9199032499585678
4,460,biblioteca.unp.edu.ar.txt,-2.920429503558393
4,461,arq.unne.edu.ar.txt,-2.9210206048516265
4,462,piduner.uner.edu.ar.txt,-2.921882342259167
4,463,www.fcpolit.unr.edu.ar.txt,-2.922776472074308
4,464,www.eicam.unsj.edu.ar.txt,-2.9255301377967236
4,465,www.psico.unlp.edu.ar.txt,-2.925886436375365
4,466,www.ucel.edu.ar.txt,-2.926632092520139
5,0,www.ucine.edu.ar.txt,5.101021662908517
5,1,www.fiq.unl.edu.ar.txt,4.5636070905336625
5,2,ucesarte.uces.edu.ar.txt,4.114230965566632
5,3,eluniversitario.unne.edu.ar.txt,3.986389376154477
5,4,extension.unicen.edu.ar.txt,3.89441639818876
5,5,eco.mdp.edu.ar.txt,2.9503334898720364
5,6,www.21.edu.ar.txt,0.4237873125781901
